"ID_WD","Tree_type","Vegetation_type","Region","ID_Location_group","ID_Location","Group_Location","Location","Longitude","Latitude","Zone_FAO","Ecoregion_Udvardy","Ecoregion_WWF","Division_Bailey","Zone_Holdridge","ID_family","ID_genus","ID_species","Subspecies","Species_local_name_iso","ID_reference","ID_RD","H_tree_avg","H_tree_min","H_tree_max","DBH_tree_avg","DBH_tree_min","DBH_tree_max","m_WD","MC_m","V_WD","MC_V","CR","FSP","Methodology_Green","Methodology_Airdry","Bark","Methodology_Ovendry","Density_green","Density_airdry","Density_ovendry","MC_Density","Data_origin","Data_type","Samples_per_tree","Number_of_trees","SD","Min","Max","H_measure","Bark_distance","CV","Convert_BD","Contributor","Operator","Remark","Contact"
1,"Tree","NA","NA","NA","NA","NA","NA","0","0","NA","NA","NA","NA","NA",49,2,8,"NA","NA",49,"NA","NA","NA","NA","NA","NA","NA","NA","NA","NA","NA","NA","NA","NA","Direct measurement of the dimension of the specimen","NA","Water displacement method","NA",0.72,0.77,"NA","Biblio","Average","NA","NA","NA","NA","NA","NA","NA","NA","NA","Khulna University","Mahmood Hossain","Heavy wood","mahmoodhossain@hotmail.com"
2,"Tree","NA","NA","NA","NA","NA","NA","0","0","NA","NA","NA","NA","NA",49,2,3,"NA","NA",50,"NA","NA","NA","NA","NA","NA","NA","NA","NA","NA","NA","NA","NA","Water displacement method","Direct measurement of the dimension of the specimen","NA","Water displacement method","0.61",0.65,0.7,"NA","Biblio","Average","54","NA","NA","NA","NA","NA","NA","NA","NA","Khulna University","Mahmood Hossain","Moderate heavy","mahmoodhossain@hotmail.com"
3,"Tree","NA","NA","NA","NA","NA","NA","0","0","NA","NA","NA","NA","NA",49,2,7,"NA","NA",50,"NA","NA","NA","NA","NA","NA","NA","NA","NA","NA","NA","NA","NA","Water displacement method","Direct measurement of the dimension of the specimen","NA","Water displacement method","0.52",0.53,0.56,"NA","Biblio","Average","54","NA","NA","NA","NA","NA","NA","NA","NA","Khulna University","Mahmood Hossain","Moderate heavy","mahmoodhossain@hotmail.com"
4,"Tree","NA","NA","NA","NA","NA","NA","0","0","NA","NA","NA","NA","NA",49,2,8,"NA","NA",50,"NA","NA","NA","NA","NA","NA","NA","NA","NA","NA","NA","NA","NA","Water displacement method","Direct measurement of the dimension of the specimen","NA","Water displacement method","0.63",0.69,0.73,"NA","Biblio","Average","54","NA","NA","NA","NA","NA","NA","NA","NA","Khulna University","Mahmood Hossain","Heavy","mahmoodhossain@hotmail.com"
5,"Tree","NA","NA","NA","NA","NA","NA","0","0","NA","NA","NA","NA","NA",81,199,716,"NA","NA",49,"NA","NA","NA","NA","NA","NA","NA","NA","NA","NA","NA","NA","NA","NA","Direct measurement of the dimension of the specimen","NA","Water displacement method","NA",0.6,0.65,"NA","Biblio","Average","NA","NA","NA","NA","NA","NA","NA","NA","NA","Khulna University","Mahmood Hossain","Moderately heavy wood","mahmoodhossain@hotmail.com"
6,"Tree","NA","NA","NA","NA","NA","NA","0","0","NA","NA","NA","NA","NA",49,17,48,"NA","NA",50,"NA","NA","NA","NA","NA","NA","NA","NA","NA","NA","NA","NA","NA","Water displacement method","Direct measurement of the dimension of the specimen","NA","Water displacement method","0.39",0.41,0.45,"NA","Biblio","Average","54","NA","NA","NA","NA","NA","NA","NA","NA","Khulna University","Mahmood Hossain","light","mahmoodhossain@hotmail.com"
7,"Tree","NA","NA","NA","NA","NA","NA","0","0","NA","NA","NA","NA","NA",49,17,53,"NA","NA",50,"NA","NA","NA","NA","NA","NA","NA","NA","NA","NA","NA","NA","NA","Water displacement method","Direct measurement of the dimension of the specimen","NA","Water displacement method","0.67",0.69,0.73,"NA","Biblio","Average","54","NA","NA","NA","NA","NA","NA","NA","NA","Khulna University","Mahmood Hossain","Heavy","mahmoodhossain@hotmail.com"
8,"Tree","NA","NA","NA","NA","NA","NA","0","0","NA","NA","NA","NA","NA",49,17,48,"NA","NA",49,"NA","NA","NA","NA","NA","NA","NA","NA","NA","NA","NA","NA","NA","NA","Direct measurement of the dimension of the specimen","NA","Water displacement method","NA",0.42,0.44,"NA","Biblio","Average","NA","NA","NA","NA","NA","NA","NA","NA","NA","Khulna University","Mahmood Hossain","Light wood","mahmoodhossain@hotmail.com"
9,"Tree","NA","NA","NA","NA","NA","NA","0","0","NA","NA","NA","NA","NA",49,17,53,"NA","NA",49,"NA","NA","NA","NA","NA","NA","NA","NA","NA","NA","NA","NA","NA","NA","Direct measurement of the dimension of the specimen","NA","Water displacement method","NA",0.63,0.66,"NA","Biblio","Average","NA","NA","NA","NA","NA","NA","NA","NA","NA","Khulna University","Mahmood Hossain","Moderately heavy wood","mahmoodhossain@hotmail.com"
10,"Tree","NA","NA","NA","NA","NA","NA","0","0","NA","NA","NA","NA","NA",49,17,52,"NA","NA",49,"NA","NA","NA","NA","NA","NA","NA","NA","NA","NA","NA","NA","NA","NA","Direct measurement of the dimension of the specimen","NA","Water displacement method","NA",0.71,0.76,"NA","Biblio","Average","NA","NA","NA","NA","NA","NA","NA","NA","NA","Khulna University","Mahmood Hossain","Heavy wood","mahmoodhossain@hotmail.com"
11,"Tree","NA","NA","NA","NA","NA","NA","0","0","NA","NA","NA","NA","NA",8,24,73,"NA","NA",49,"NA","NA","NA","NA","NA","NA","NA","NA","NA","NA","NA","NA","NA","NA","Direct measurement of the dimension of the specimen","NA","Water displacement method","NA",0.29,0.31,"NA","Biblio","Average","NA","NA","NA","NA","NA","NA","NA","NA","NA","Khulna University","Mahmood Hossain","Light wood","mahmoodhossain@hotmail.com"
12,"Tree","NA","NA","NA","NA","NA","NA","0","0","NA","NA","NA","NA","NA",56,13,38,"NA","NA",49,"NA","NA","NA","NA","NA","NA","NA","NA","NA","NA","NA","NA","NA","NA","Direct measurement of the dimension of the specimen","NA","Water displacement method","NA",0.51,0.54,"NA","Biblio","Average","NA","NA","NA","NA","NA","NA","NA","NA","NA","Khulna University","Mahmood Hossain","Moderately heavy wood","mahmoodhossain@hotmail.com"
13,"Tree","NA","NA","NA","NA","NA","NA","0","0","NA","NA","NA","NA","NA",56,432,1431,"NA","NA",50,"NA","NA","NA","NA","NA","NA","NA","NA","NA","NA","NA","NA","NA","Water displacement method","Direct measurement of the dimension of the specimen","NA","Water displacement method","0.48",0.51,0.54,"NA","Biblio","Average","54","NA","NA","NA","NA","NA","NA","NA","NA","Khulna University","Mahmood Hossain","Moderate heavy","mahmoodhossain@hotmail.com"
14,"Tree","NA","NA","NA","NA","NA","NA","0","0","NA","NA","NA","NA","NA",35,29,84,"NA","NA",49,"NA","NA","NA","NA","NA","NA","NA","NA","NA","NA","NA","NA","NA","NA","Direct measurement of the dimension of the specimen","NA","Water displacement method","NA",0.5,0.54,"NA","Biblio","Average","NA","NA","NA","NA","NA","NA","NA","NA","NA","Khulna University","Mahmood Hossain","Light wood","mahmoodhossain@hotmail.com"
15,"Tree","NA","NA","NA","NA","NA","NA","0","0","NA","NA","NA","NA","NA",26,31,90,"NA","NA",49,"NA","NA","NA","NA","NA","NA","NA","NA","NA","NA","NA","NA","NA","NA","Direct measurement of the dimension of the specimen","NA","Water displacement method","NA",0.86,0.95,"NA","Biblio","Average","NA","NA","NA","NA","NA","NA","NA","NA","NA","Khulna University","Mahmood Hossain","Very heavy wood","mahmoodhossain@hotmail.com"
16,"Tree","NA","NA","NA","NA","NA","NA","0","0","NA","NA","NA","NA","NA",26,31,90,"NA","NA",50,"NA","NA","NA","NA","NA","NA","NA","NA","NA","NA","NA","NA","NA","Water displacement method","Direct measurement of the dimension of the specimen","NA","Water displacement method","0.79",0.83,0.92,"NA","Biblio","Average","54","NA","NA","NA","NA","NA","NA","NA","NA","Khulna University","Mahmood Hossain","Very heavy","mahmoodhossain@hotmail.com"
17,"Tree","NA","NA","NA","NA","NA","NA","0","0","NA","NA","NA","NA","NA",81,431,1425,"NA","NA",49,"NA","NA","NA","NA","NA","NA","NA","NA","NA","NA","NA","NA","NA","NA","Direct measurement of the dimension of the specimen","NA","Water displacement method","NA",0.38,0.4,"NA","Biblio","Average","NA","NA","NA","NA","NA","NA","NA","NA","NA","Khulna University","Mahmood Hossain","Light wood","mahmoodhossain@hotmail.com"
18,"Tree","NA","NA","NA","NA","NA","NA","0","0","NA","NA","NA","NA","NA",81,431,1425,"NA","NA",50,"NA","NA","NA","NA","NA","NA","NA","NA","NA","NA","NA","NA","NA","Water displacement method","Direct measurement of the dimension of the specimen","NA","Water displacement method","0.43",0.44,0.47,"NA","Biblio","Average","54","NA","NA","NA","NA","NA","NA","NA","NA","Khulna University","Mahmood Hossain","light","mahmoodhossain@hotmail.com"
19,"Tree","NA","NA","NA","NA","NA","NA","0","0","NA","NA","NA","NA","NA",56,33,102,"NA","NA",49,"NA","NA","NA","NA","NA","NA","NA","NA","NA","NA","NA","NA","NA","NA","Direct measurement of the dimension of the specimen","NA","Water displacement method","NA",0.57,0.63,"NA","Biblio","Average","NA","NA","NA","NA","NA","NA","NA","NA","NA","Khulna University","Mahmood Hossain","Moderately heavy wood","mahmoodhossain@hotmail.com"
20,"Tree","NA","NA","NA","NA","NA","NA","0","0","NA","NA","NA","NA","NA",56,33,102,"NA","NA",50,"NA","NA","NA","NA","NA","NA","NA","NA","NA","NA","NA","NA","NA","Water displacement method","Direct measurement of the dimension of the specimen","NA","Water displacement method","0.55",0.6,0.62,"NA","Biblio","Average","54","NA","NA","NA","NA","NA","NA","NA","NA","Khulna University","Mahmood Hossain","Moderate heavy","mahmoodhossain@hotmail.com"
21,"Tree","NA","NA","NA","NA","NA","NA","0","0","NA","NA","NA","NA","NA",58,43,131,"NA","NA",49,"NA","NA","NA","NA","NA","NA","NA","NA","NA","NA","NA","NA","NA","NA","Direct measurement of the dimension of the specimen","NA","Water displacement method","NA",0.48,0.51,"NA","Biblio","Average","NA","NA","NA","NA","NA","NA","NA","NA","NA","Khulna University","Mahmood Hossain","Light wood","mahmoodhossain@hotmail.com"
22,"Tree","NA","NA","NA","NA","NA","NA","0","0","NA","NA","NA","NA","NA",58,43,1426,"NA","NA",49,"NA","NA","NA","NA","NA","NA","NA","NA","NA","NA","NA","NA","NA","NA","Direct measurement of the dimension of the specimen","NA","Water displacement method","NA",0.48,0.53,"NA","Biblio","Average","NA","NA","NA","NA","NA","NA","NA","NA","NA","Khulna University","Mahmood Hossain","Light wood","mahmoodhossain@hotmail.com"
23,"Tree","NA","NA","NA","NA","NA","NA","0","0","NA","NA","NA","NA","NA",58,43,130,"NA","NA",49,"NA","NA","NA","NA","NA","NA","NA","NA","NA","NA","NA","NA","NA","NA","Direct measurement of the dimension of the specimen","NA","Water displacement method","NA",0.54,0.58,"NA","Biblio","Average","NA","NA","NA","NA","NA","NA","NA","NA","NA","Khulna University","Mahmood Hossain","Moderately heavy wood","mahmoodhossain@hotmail.com"
24,"Tree","NA","NA","NA","NA","NA","NA","0","0","NA","NA","NA","NA","NA",58,43,1426,"NA","NA",50,"NA","NA","NA","NA","NA","NA","NA","NA","NA","NA","NA","NA","NA","Water displacement method","Direct measurement of the dimension of the specimen","NA","Water displacement method","0.44",0.47,0.49,"NA","Biblio","Average","54","NA","NA","NA","NA","NA","NA","NA","NA","Khulna University","Mahmood Hossain","light","mahmoodhossain@hotmail.com"
25,"Tree","NA","NA","NA","NA","NA","NA","0","0","NA","NA","NA","NA","NA",58,43,130,"NA","NA",50,"NA","NA","NA","NA","NA","NA","NA","NA","NA","NA","NA","NA","NA","Water displacement method","Direct measurement of the dimension of the specimen","NA","Water displacement method","0.46",0.48,0.49,"NA","Biblio","Average","54","NA","NA","NA","NA","NA","NA","NA","NA","Khulna University","Mahmood Hossain","light","mahmoodhossain@hotmail.com"
26,"Tree","NA","NA","NA","NA","NA","NA","0","0","NA","NA","NA","NA","NA",58,43,131,"NA","NA",50,"NA","NA","NA","NA","NA","NA","NA","NA","NA","NA","NA","NA","NA","Water displacement method","Direct measurement of the dimension of the specimen","NA","Water displacement method","0.45",0.51,0.53,"NA","Biblio","Average","54","NA","NA","NA","NA","NA","NA","NA","NA","Khulna University","Mahmood Hossain","Moderate heavy","mahmoodhossain@hotmail.com"
27,"Tree","NA","NA","NA","NA","NA","NA","0","0","NA","NA","NA","NA","NA",103,46,140,"NA","NA",49,"NA","NA","NA","NA","NA","NA","NA","NA","NA","NA","NA","NA","NA","NA","Direct measurement of the dimension of the specimen","NA","Water displacement method","NA",0.6,0.66,"NA","Biblio","Average","NA","NA","NA","NA","NA","NA","NA","NA","NA","Khulna University","Mahmood Hossain","Moderately heavy wood","mahmoodhossain@hotmail.com"
28,"Tree","NA","NA","NA","NA","NA","NA","0","0","NA","NA","NA","NA","NA",103,46,138,"NA","NA",49,"NA","NA","NA","NA","NA","NA","NA","NA","NA","NA","NA","NA","NA","NA","Direct measurement of the dimension of the specimen","NA","Water displacement method","NA",0.56,0.6,"NA","Biblio","Average","NA","NA","NA","NA","NA","NA","NA","NA","NA","Khulna University","Mahmood Hossain","Moderately heavy wood","mahmoodhossain@hotmail.com"
29,"Tree","NA","NA","NA","NA","NA","NA","0","0","NA","NA","NA","NA","NA",103,46,138,"NA","NA",50,"NA","NA","NA","NA","NA","NA","NA","NA","NA","NA","NA","NA","NA","Water displacement method","Direct measurement of the dimension of the specimen","NA","Water displacement method","0.53",0.55,0.58,"NA","Biblio","Average","54","NA","NA","NA","NA","NA","NA","NA","NA","Khulna University","Mahmood Hossain","Moderate heavy","mahmoodhossain@hotmail.com"
30,"Tree","NA","NA","NA","NA","NA","NA","0","0","NA","NA","NA","NA","NA",56,47,142,"NA","NA",49,"NA","NA","NA","NA","NA","NA","NA","NA","NA","NA","NA","NA","NA","NA","Direct measurement of the dimension of the specimen","NA","Water displacement method","NA",0.59,0.65,"NA","Biblio","Average","NA","NA","NA","NA","NA","NA","NA","NA","NA","Khulna University","Mahmood Hossain","Moderately heavy wood","mahmoodhossain@hotmail.com"
31,"Tree","NA","NA","NA","NA","NA","NA","0","0","NA","NA","NA","NA","NA",56,47,142,"NA","NA",50,"NA","NA","NA","NA","NA","NA","NA","NA","NA","NA","NA","NA","NA","Water displacement method","Direct measurement of the dimension of the specimen","NA","Water displacement method","0.69",0.74,0.76,"NA","Biblio","Average","54","NA","NA","NA","NA","NA","NA","NA","NA","Khulna University","Mahmood Hossain","Heavy","mahmoodhossain@hotmail.com"
32,"Tree","NA","NA","NA","NA","NA","NA","0","0","NA","NA","NA","NA","NA",47,51,164,"NA","NA",49,"NA","NA","NA","NA","NA","NA","NA","NA","NA","NA","NA","NA","NA","NA","Direct measurement of the dimension of the specimen","NA","Water displacement method","NA",0.46,0.49,"NA","Biblio","Average","NA","NA","NA","NA","NA","NA","NA","NA","NA","Khulna University","Mahmood Hossain","Light wood","mahmoodhossain@hotmail.com"
33,"Tree","NA","NA","NA","NA","NA","NA","0","0","NA","NA","NA","NA","NA",87,254,1443,"NA","NA",49,"NA","NA","NA","NA","NA","NA","NA","NA","NA","NA","NA","NA","NA","NA","Direct measurement of the dimension of the specimen","NA","Water displacement method","NA",0.7,0.77,"NA","Biblio","Average","NA","NA","NA","NA","NA","NA","NA","NA","NA","Khulna University","Mahmood Hossain","Heavy wood","mahmoodhossain@hotmail.com"
34,"Tree","NA","NA","NA","NA","NA","NA","0","0","NA","NA","NA","NA","NA",106,57,188,"NA","NA",49,"NA","NA","NA","NA","NA","NA","NA","NA","NA","NA","NA","NA","NA","NA","Direct measurement of the dimension of the specimen","NA","Water displacement method","NA",0.6,0.63,"NA","Biblio","Average","NA","NA","NA","NA","NA","NA","NA","NA","NA","Khulna University","Mahmood Hossain","Moderately heavy wood","mahmoodhossain@hotmail.com"
35,"Tree","NA","NA","NA","NA","NA","NA","0","0","NA","NA","NA","NA","NA",54,60,195,"NA","NA",50,"NA","NA","NA","NA","NA","NA","NA","NA","NA","NA","NA","NA","NA","Water displacement method","Direct measurement of the dimension of the specimen","NA","Water displacement method","0.33",0.34,0.36,"NA","Biblio","Average","54","NA","NA","NA","NA","NA","NA","NA","NA","Khulna University","Mahmood Hossain","light","mahmoodhossain@hotmail.com"
36,"Tree","NA","NA","NA","NA","NA","NA","0","0","NA","NA","NA","NA","NA",79,69,1430,"NA","NA",49,"NA","NA","NA","NA","NA","NA","NA","NA","NA","NA","NA","NA","NA","NA","Direct measurement of the dimension of the specimen","NA","Water displacement method","NA",0.86,0.92,"NA","Biblio","Average","NA","NA","NA","NA","NA","NA","NA","NA","NA","Khulna University","Mahmood Hossain","Very heavy wood","mahmoodhossain@hotmail.com"
37,"Tree","NA","NA","NA","NA","NA","NA","0","0","NA","NA","NA","NA","NA",79,69,1430,"NA","NA",50,"NA","NA","NA","NA","NA","NA","NA","NA","NA","NA","NA","NA","NA","Water displacement method","Direct measurement of the dimension of the specimen","NA","Water displacement method","0.71",0.77,0.81,"NA","Biblio","Average","54","NA","NA","NA","NA","NA","NA","NA","NA","Khulna University","Mahmood Hossain","Heavy","mahmoodhossain@hotmail.com"
38,"Tree","NA","NA","NA","NA","NA","NA","0","0","NA","NA","NA","NA","NA",19,434,1434,"NA","NA",49,"NA","NA","NA","NA","NA","NA","NA","NA","NA","NA","NA","NA","NA","NA","Direct measurement of the dimension of the specimen","NA","Water displacement method","NA",0.8,0.87,"NA","Biblio","Average","NA","NA","NA","NA","NA","NA","NA","NA","NA","Khulna University","Mahmood Hossain","Very heavy wood","mahmoodhossain@hotmail.com"
39,"Tree","NA","NA","NA","NA","NA","NA","0","0","NA","NA","NA","NA","NA",49,71,230,"NA","NA",49,"NA","NA","NA","NA","NA","NA","NA","NA","NA","NA","NA","NA","NA","NA","Direct measurement of the dimension of the specimen","NA","Water displacement method","NA",0.56,0.6,"NA","Biblio","Average","NA","NA","NA","NA","NA","NA","NA","NA","NA","Khulna University","Mahmood Hossain","Moderately heavy wood","mahmoodhossain@hotmail.com"
40,"Tree","NA","NA","NA","NA","NA","NA","0","0","NA","NA","NA","NA","NA",45,74,1435,"NA","NA",49,"NA","NA","NA","NA","NA","NA","NA","NA","NA","NA","NA","NA","NA","NA","Direct measurement of the dimension of the specimen","NA","Water displacement method","NA",0.56,0.61,"NA","Biblio","Average","NA","NA","NA","NA","NA","NA","NA","NA","NA","Khulna University","Mahmood Hossain","Moderately heavy wood","mahmoodhossain@hotmail.com"
41,"Tree","NA","NA","NA","NA","NA","NA","0","0","NA","NA","NA","NA","NA",25,76,249,"NA","NA",49,"NA","NA","NA","NA","NA","NA","NA","NA","NA","NA","NA","NA","NA","NA","Direct measurement of the dimension of the specimen","NA","Water displacement method","NA",0.55,0.59,"NA","Biblio","Average","NA","NA","NA","NA","NA","NA","NA","NA","NA","Khulna University","Mahmood Hossain","Moderately heavy wood","mahmoodhossain@hotmail.com"
42,"Tree","NA","NA","NA","NA","NA","NA","0","0","NA","NA","NA","NA","NA",25,76,249,"NA","NA",50,"NA","NA","NA","NA","NA","NA","NA","NA","NA","NA","NA","NA","NA","Water displacement method","Direct measurement of the dimension of the specimen","NA","Water displacement method","0.56",0.59,0.64,"NA","Biblio","Average","54","NA","NA","NA","NA","NA","NA","NA","NA","Khulna University","Mahmood Hossain","Moderate heavy","mahmoodhossain@hotmail.com"
43,"Tree","NA","NA","NA","NA","NA","NA","0","0","NA","NA","NA","NA","NA",19,80,259,"NA","NA",49,"NA","NA","NA","NA","NA","NA","NA","NA","NA","NA","NA","NA","NA","NA","Direct measurement of the dimension of the specimen","NA","Water displacement method","NA",0.48,0.52,"NA","Biblio","Average","NA","NA","NA","NA","NA","NA","NA","NA","NA","Khulna University","Mahmood Hossain","Light wood","mahmoodhossain@hotmail.com"
44,"Tree","NA","NA","NA","NA","NA","NA","0","0","NA","NA","NA","NA","NA",19,80,259,"NA","NA",50,"NA","NA","NA","NA","NA","NA","NA","NA","NA","NA","NA","NA","NA","Water displacement method","Direct measurement of the dimension of the specimen","NA","Water displacement method","0.51",0.54,0.58,"NA","Biblio","Average","54","NA","NA","NA","NA","NA","NA","NA","NA","Khulna University","Mahmood Hossain","Moderate heavy","mahmoodhossain@hotmail.com"
45,"Tree","NA","NA","NA","NA","NA","NA","0","0","NA","NA","NA","NA","NA",79,83,269,"NA","NA",49,"NA","NA","NA","NA","NA","NA","NA","NA","NA","NA","NA","NA","NA","NA","Direct measurement of the dimension of the specimen","NA","Water displacement method","NA",0.66,0.72,"NA","Biblio","Average","NA","NA","NA","NA","NA","NA","NA","NA","NA","Khulna University","Mahmood Hossain","Heavy wood","mahmoodhossain@hotmail.com"
46,"Tree","NA","NA","NA","NA","NA","NA","0","0","NA","NA","NA","NA","NA",47,84,271,"NA","NA",49,"NA","NA","NA","NA","NA","NA","NA","NA","NA","NA","NA","NA","NA","NA","Direct measurement of the dimension of the specimen","NA","Water displacement method","NA",0.61,9.66,"NA","Biblio","Average","NA","NA","NA","NA","NA","NA","NA","NA","NA","Khulna University","Mahmood Hossain","Moderately heavy wood","mahmoodhossain@hotmail.com"
47,"Tree","NA","NA","NA","NA","NA","NA","0","0","NA","NA","NA","NA","NA",49,88,284,"NA","NA",49,"NA","NA","NA","NA","NA","NA","NA","NA","NA","NA","NA","NA","NA","NA","Direct measurement of the dimension of the specimen","NA","Water displacement method","NA",0.5,0.53,"NA","Biblio","Average","NA","NA","NA","NA","NA","NA","NA","NA","NA","Khulna University","Mahmood Hossain","Light wood","mahmoodhossain@hotmail.com"
48,"Tree","NA","NA","NA","NA","NA","NA","0","0","NA","NA","NA","NA","NA",49,376,1222,"NA","NA",49,"NA","NA","NA","NA","NA","NA","NA","NA","NA","NA","NA","NA","NA","NA","Direct measurement of the dimension of the specimen","NA","Water displacement method","NA",0.61,0.66,"NA","Biblio","Average","NA","NA","NA","NA","NA","NA","NA","NA","NA","Khulna University","Mahmood Hossain","Moderately heavy wood","mahmoodhossain@hotmail.com"
49,"Tree","NA","NA","NA","NA","NA","NA","0","0","NA","NA","NA","NA","NA",49,88,286,"NA","NA",49,"NA","NA","NA","NA","NA","NA","NA","NA","NA","NA","NA","NA","NA","NA","Direct measurement of the dimension of the specimen","NA","Water displacement method","NA",0.61,0.64,"NA","Biblio","Average","NA","NA","NA","NA","NA","NA","NA","NA","NA","Khulna University","Mahmood Hossain","Moderately heavy wood","mahmoodhossain@hotmail.com"
50,"Tree","NA","NA","NA","NA","NA","NA","0","0","NA","NA","NA","NA","NA",49,376,1222,"NA","NA",50,"NA","NA","NA","NA","NA","NA","NA","NA","NA","NA","NA","NA","NA","Water displacement method","Direct measurement of the dimension of the specimen","NA","Water displacement method","0.67",0.73,0.75,"NA","Biblio","Average","54","NA","NA","NA","NA","NA","NA","NA","NA","Khulna University","Mahmood Hossain","Heavy","mahmoodhossain@hotmail.com"
51,"Tree","NA","NA","NA","NA","NA","NA","0","0","NA","NA","NA","NA","NA",56,414,1371,"NA","NA",50,"NA","NA","NA","NA","NA","NA","NA","NA","NA","NA","NA","NA","NA","Water displacement method","Direct measurement of the dimension of the specimen","NA","Water displacement method","0.4",0.43,0.48,"NA","Biblio","Average","54","NA","NA","NA","NA","NA","NA","NA","NA","Khulna University","Mahmood Hossain","light","mahmoodhossain@hotmail.com"
52,"Tree","NA","NA","NA","NA","NA","NA","0","0","NA","NA","NA","NA","NA",56,414,1371,"NA","NA",49,"NA","NA","NA","NA","NA","NA","NA","NA","NA","NA","NA","NA","NA","NA","Direct measurement of the dimension of the specimen","NA","Water displacement method","NA",0.46,0.5,"NA","Biblio","Average","NA","NA","NA","NA","NA","NA","NA","NA","NA","Khulna University","Mahmood Hossain","Light wood","mahmoodhossain@hotmail.com"
53,"Shrub","NA","NA","NA","NA","NA","NA","0","0","NA","NA","NA","NA","NA",79,99,,"NA","NA",49,"NA","NA","NA","NA","NA","NA","NA","NA","NA","NA","NA","NA","NA","NA","Direct measurement of the dimension of the specimen","NA","Water displacement method","NA",0.76,0.85,"NA","Biblio","Average","NA","NA","NA","NA","NA","NA","NA","NA","NA","Khulna University","Mahmood Hossain","Heavy wood","mahmoodhossain@hotmail.com"
54,"Tree","NA","NA","NA","NA","NA","NA","0","0","NA","NA","NA","NA","NA",56,106,344,"NA","NA",50,"NA","NA","NA","NA","NA","NA","NA","NA","NA","NA","NA","NA","NA","Water displacement method","Direct measurement of the dimension of the specimen","NA","Water displacement method","0.55",0.57,0.58,"NA","Biblio","Average","54","NA","NA","NA","NA","NA","NA","NA","NA","Khulna University","Mahmood Hossain","Moderate heavy","mahmoodhossain@hotmail.com"
55,"Tree","NA","NA","NA","NA","NA","NA","0","0","NA","NA","NA","NA","NA",56,106,344,"NA","NA",49,"NA","NA","NA","NA","NA","NA","NA","NA","NA","NA","NA","NA","NA","NA","Direct measurement of the dimension of the specimen","NA","Water displacement method","NA",0.66,0.72,"NA","Biblio","Average","NA","NA","NA","NA","NA","NA","NA","NA","NA","Khulna University","Mahmood Hossain","Heavy wood","mahmoodhossain@hotmail.com"
56,"Tree","NA","NA","NA","NA","NA","NA","0","0","NA","NA","NA","NA","NA",46,107,348,"NA","NA",49,"NA","NA","NA","NA","NA","NA","NA","NA","NA","NA","NA","NA","NA","NA","Direct measurement of the dimension of the specimen","NA","Water displacement method","NA",0.45,0.48,"NA","Biblio","Average","NA","NA","NA","NA","NA","NA","NA","NA","NA","Khulna University","Mahmood Hossain","Light wood","mahmoodhossain@hotmail.com"
57,"Tree","NA","NA","NA","NA","NA","NA","0","0","NA","NA","NA","NA","NA",46,107,348,"NA","NA",50,"NA","NA","NA","NA","NA","NA","NA","NA","NA","NA","NA","NA","NA","Water displacement method","Direct measurement of the dimension of the specimen","NA","Water displacement method","0.52",0.55,0.59,"NA","Biblio","Average","54","NA","NA","NA","NA","NA","NA","NA","NA","Khulna University","Mahmood Hossain","Moderate heavy","mahmoodhossain@hotmail.com"
58,"Tree","NA","NA","NA","NA","NA","NA","0","0","NA","NA","NA","NA","NA",18,121,386,"NA","NA",49,"NA","NA","NA","NA","NA","NA","NA","NA","NA","NA","NA","NA","NA","NA","Direct measurement of the dimension of the specimen","NA","Water displacement method","NA",0.66,0.69,"NA","Biblio","Average","NA","NA","NA","NA","NA","NA","NA","NA","NA","Khulna University","Mahmood Hossain","Heavy wood","mahmoodhossain@hotmail.com"
59,"Tree","NA","NA","NA","NA","NA","NA","0","0","NA","NA","NA","NA","NA",21,124,1437,"NA","NA",49,"NA","NA","NA","NA","NA","NA","NA","NA","NA","NA","NA","NA","NA","NA","Direct measurement of the dimension of the specimen","NA","Water displacement method","NA",0.45,0.49,"NA","Biblio","Average","NA","NA","NA","NA","NA","NA","NA","NA","NA","Khulna University","Mahmood Hossain","Light wood","mahmoodhossain@hotmail.com"
60,"Tree","NA","NA","NA","NA","NA","NA","0","0","NA","NA","NA","NA","NA",21,124,1438,"NA","NA",50,"NA","NA","NA","NA","NA","NA","NA","NA","NA","NA","NA","NA","NA","Water displacement method","Direct measurement of the dimension of the specimen","NA","Water displacement method","0.36",0.4,0.43,"NA","Biblio","Average","54","NA","NA","NA","NA","NA","NA","NA","NA","Khulna University","Mahmood Hossain","light","mahmoodhossain@hotmail.com"
61,"Tree","NA","NA","NA","NA","NA","NA","0","0","NA","NA","NA","NA","NA",49,264,915,"NA","NA",49,"NA","NA","NA","NA","NA","NA","NA","NA","NA","NA","NA","NA","NA","NA","Direct measurement of the dimension of the specimen","NA","Water displacement method","NA",0.85,0.96,"NA","Biblio","Average","NA","NA","NA","NA","NA","NA","NA","NA","NA","Khulna University","Mahmood Hossain","Very heavy wood","mahmoodhossain@hotmail.com"
62,"Tree","NA","NA","NA","NA","NA","NA","0","0","NA","NA","NA","NA","NA",49,133,433,"NA","NA",50,"NA","NA","NA","NA","NA","NA","NA","NA","NA","NA","NA","NA","NA","Water displacement method","Direct measurement of the dimension of the specimen","NA","Water displacement method","0.65",0.71,0.74,"NA","Biblio","Average","54","NA","NA","NA","NA","NA","NA","NA","NA","Khulna University","Mahmood Hossain","Heavy","mahmoodhossain@hotmail.com"
63,"Tree","NA","NA","NA","NA","NA","NA","0","0","NA","NA","NA","NA","NA",34,142,459,"NA","NA",50,"NA","NA","NA","NA","NA","NA","NA","NA","NA","NA","NA","NA","NA","Water displacement method","Direct measurement of the dimension of the specimen","NA","Water displacement method","0.51",0.56,0.58,"NA","Biblio","Average","54","NA","NA","NA","NA","NA","NA","NA","NA","Khulna University","Mahmood Hossain","Moderate heavy","mahmoodhossain@hotmail.com"
64,"Tree","NA","NA","NA","NA","NA","NA","0","0","NA","NA","NA","NA","NA",34,142,459,"NA","NA",49,"NA","NA","NA","NA","NA","NA","NA","NA","NA","NA","NA","NA","NA","NA","Direct measurement of the dimension of the specimen","NA","Water displacement method","NA",0.55,0.6,"NA","Biblio","Average","NA","NA","NA","NA","NA","NA","NA","NA","NA","Khulna University","Mahmood Hossain","Moderately heavy wood","mahmoodhossain@hotmail.com"
65,"Tree","NA","NA","NA","NA","NA","NA","0","0","NA","NA","NA","NA","NA",34,142,460,"NA","NA",49,"NA","NA","NA","NA","NA","NA","NA","NA","NA","NA","NA","NA","NA","NA","Direct measurement of the dimension of the specimen","NA","Water displacement method","NA",0.58,0.63,"NA","Biblio","Average","NA","NA","NA","NA","NA","NA","NA","NA","NA","Khulna University","Mahmood Hossain","Moderately heavy wood","mahmoodhossain@hotmail.com"
66,"Tree","NA","NA","NA","NA","NA","NA","0","0","NA","NA","NA","NA","NA",34,142,460,"NA","NA",50,"NA","NA","NA","NA","NA","NA","NA","NA","NA","NA","NA","NA","NA","Water displacement method","Direct measurement of the dimension of the specimen","NA","Water displacement method","0.52",0.6,0.64,"NA","Biblio","Average","54","NA","NA","NA","NA","NA","NA","NA","NA","Khulna University","Mahmood Hossain","Moderate heavy","mahmoodhossain@hotmail.com"
67,"Tree","NA","NA","NA","NA","NA","NA","0","0","NA","NA","NA","NA","NA",36,144,469,"NA","NA",50,"NA","NA","NA","NA","NA","NA","NA","NA","NA","NA","NA","NA","NA","Water displacement method","Direct measurement of the dimension of the specimen","NA","Water displacement method","0.56",0.59,0.63,"NA","Biblio","Average","54","NA","NA","NA","NA","NA","NA","NA","NA","Khulna University","Mahmood Hossain","Moderate heavy","mahmoodhossain@hotmail.com"
68,"Tree","NA","NA","NA","NA","NA","NA","0","0","NA","NA","NA","NA","NA",35,145,1439,"NA","NA",49,"NA","NA","NA","NA","NA","NA","NA","NA","NA","NA","NA","NA","NA","NA","Direct measurement of the dimension of the specimen","NA","Water displacement method","NA",0.7,0.74,"NA","Biblio","Average","NA","NA","NA","NA","NA","NA","NA","NA","NA","Khulna University","Mahmood Hossain","Heavy wood","mahmoodhossain@hotmail.com"
69,"Tree","NA","NA","NA","NA","NA","NA","0","0","NA","NA","NA","NA","NA",35,145,480,"NA","NA",49,"NA","NA","NA","NA","NA","NA","NA","NA","NA","NA","NA","NA","NA","NA","Direct measurement of the dimension of the specimen","NA","Water displacement method","NA",0.65,0.7,"NA","Biblio","Average","NA","NA","NA","NA","NA","NA","NA","NA","NA","Khulna University","Mahmood Hossain","Heavy wood","mahmoodhossain@hotmail.com"
70,"Tree","NA","NA","NA","NA","NA","NA","0","0","NA","NA","NA","NA","NA",35,145,478,"NA","NA",49,"NA","NA","NA","NA","NA","NA","NA","NA","NA","NA","NA","NA","NA","NA","Direct measurement of the dimension of the specimen","NA","Water displacement method","NA",0.66,0.71,"NA","Biblio","Average","NA","NA","NA","NA","NA","NA","NA","NA","NA","Khulna University","Mahmood Hossain","Heavy wood","mahmoodhossain@hotmail.com"
71,"Tree","NA","NA","NA","NA","NA","NA","0","0","NA","NA","NA","NA","NA",35,145,483,"NA","NA",49,"NA","NA","NA","NA","NA","NA","NA","NA","NA","NA","NA","NA","NA","NA","Direct measurement of the dimension of the specimen","NA","Water displacement method","NA",0.69,0.75,"NA","Biblio","Average","NA","NA","NA","NA","NA","NA","NA","NA","NA","Khulna University","Mahmood Hossain","Heavy wood","mahmoodhossain@hotmail.com"
72,"Tree","NA","NA","NA","NA","NA","NA","0","0","NA","NA","NA","NA","NA",35,145,480,"NA","NA",50,"NA","NA","NA","NA","NA","NA","NA","NA","NA","NA","NA","NA","NA","Water displacement method","Direct measurement of the dimension of the specimen","NA","Water displacement method","0.58",0.63,0.71,"NA","Biblio","Average","54","NA","NA","NA","NA","NA","NA","NA","NA","Khulna University","Mahmood Hossain","Moderate heavy","mahmoodhossain@hotmail.com"
73,"Tree","NA","NA","NA","NA","NA","NA","0","0","NA","NA","NA","NA","NA",35,145,478,"NA","NA",50,"NA","NA","NA","NA","NA","NA","NA","NA","NA","NA","NA","NA","NA","Water displacement method","Direct measurement of the dimension of the specimen","NA","Water displacement method","0.55",0.57,0.64,"NA","Biblio","Average","54","NA","NA","NA","NA","NA","NA","NA","NA","Khulna University","Mahmood Hossain","Moderate heavy","mahmoodhossain@hotmail.com"
74,"Tree","NA","NA","NA","NA","NA","NA","0","0","NA","NA","NA","NA","NA",35,145,483,"NA","NA",50,"NA","NA","NA","NA","NA","NA","NA","NA","NA","NA","NA","NA","NA","Water displacement method","Direct measurement of the dimension of the specimen","NA","Water displacement method","0.65",0.71,0.78,"NA","Biblio","Average","54","NA","NA","NA","NA","NA","NA","NA","NA","Khulna University","Mahmood Hossain","Heavy","mahmoodhossain@hotmail.com"
75,"Tree","NA","NA","NA","NA","NA","NA","0","0","NA","NA","NA","NA","NA",35,145,1439,"NA","NA",50,"NA","NA","NA","NA","NA","NA","NA","NA","NA","NA","NA","NA","NA","Water displacement method","Direct measurement of the dimension of the specimen","NA","Water displacement method","0.66",0.69,0.75,"NA","Biblio","Average","54","NA","NA","NA","NA","NA","NA","NA","NA","Khulna University","Mahmood Hossain","Heavy","mahmoodhossain@hotmail.com"
76,"Tree","NA","NA","NA","NA","NA","NA","0","0","NA","NA","NA","NA","NA",51,153,500,"NA","NA",49,"NA","NA","NA","NA","NA","NA","NA","NA","NA","NA","NA","NA","NA","NA","Direct measurement of the dimension of the specimen","NA","Water displacement method","NA",0.49,0.52,"NA","Biblio","Average","NA","NA","NA","NA","NA","NA","NA","NA","NA","Khulna University","Mahmood Hossain","Light wood","mahmoodhossain@hotmail.com"
77,"Tree","NA","NA","NA","NA","NA","NA","0","0","NA","NA","NA","NA","NA",51,153,500,"NA","NA",50,"NA","NA","NA","NA","NA","NA","NA","NA","NA","NA","NA","NA","NA","Water displacement method","Direct measurement of the dimension of the specimen","NA","Water displacement method","0.41",0.42,0.46,"NA","Biblio","Average","54","NA","NA","NA","NA","NA","NA","NA","NA","Khulna University","Mahmood Hossain","light","mahmoodhossain@hotmail.com"
78,"Tree","NA","NA","NA","NA","NA","NA","0","0","NA","NA","NA","NA","NA",37,158,524,"NA","NA",49,"NA","NA","NA","NA","NA","NA","NA","NA","NA","NA","NA","NA","NA","NA","Direct measurement of the dimension of the specimen","NA","Water displacement method","NA",0.57,0.62,"NA","Biblio","Average","NA","NA","NA","NA","NA","NA","NA","NA","NA","Khulna University","Mahmood Hossain","Moderately heavy wood","mahmoodhossain@hotmail.com"
79,"Tree","NA","NA","NA","NA","NA","NA","0","0","NA","NA","NA","NA","NA",106,326,1083,"NA","NA",49,"NA","NA","NA","NA","NA","NA","NA","NA","NA","NA","NA","NA","NA","NA","Direct measurement of the dimension of the specimen","NA","Water displacement method","NA",0.68,0.74,"NA","Biblio","Average","NA","NA","NA","NA","NA","NA","NA","NA","NA","Khulna University","Mahmood Hossain","Heavy wood","mahmoodhossain@hotmail.com"
80,"Tree","NA","NA","NA","NA","NA","NA","0","0","NA","NA","NA","NA","NA",44,162,535,"NA","NA",50,"NA","NA","NA","NA","NA","NA","NA","NA","NA","NA","NA","NA","NA","Water displacement method","Direct measurement of the dimension of the specimen","NA","Water displacement method","0.48",0.51,0.55,"NA","Biblio","Average","54","NA","NA","NA","NA","NA","NA","NA","NA","Khulna University","Mahmood Hossain","Moderate heavy","mahmoodhossain@hotmail.com"
81,"Tree","NA","NA","NA","NA","NA","NA","0","0","NA","NA","NA","NA","NA",49,165,547,"NA","NA",50,"NA","NA","NA","NA","NA","NA","NA","NA","NA","NA","NA","NA","NA","Water displacement method","Direct measurement of the dimension of the specimen","NA","Water displacement method","0.22",0.23,0.24,"NA","Biblio","Average","54","NA","NA","NA","NA","NA","NA","NA","NA","Khulna University","Mahmood Hossain","light","mahmoodhossain@hotmail.com"
82,"Tree","NA","NA","NA","NA","NA","NA","0","0","NA","NA","NA","NA","NA",49,165,543,"NA","NA",50,"NA","NA","NA","NA","NA","NA","NA","NA","NA","NA","NA","NA","NA","Water displacement method","Direct measurement of the dimension of the specimen","NA","Water displacement method","0.25",0.3,0.31,"NA","Biblio","Average","54","NA","NA","NA","NA","NA","NA","NA","NA","Khulna University","Mahmood Hossain","light","mahmoodhossain@hotmail.com"
83,"Tree","NA","NA","NA","NA","NA","NA","0","0","NA","NA","NA","NA","NA",62,167,552,"NA","NA",50,"NA","NA","NA","NA","NA","NA","NA","NA","NA","NA","NA","NA","NA","Water displacement method","Direct measurement of the dimension of the specimen","NA","Water displacement method","0.54",0.59,0.68,"NA","Biblio","Average","54","NA","NA","NA","NA","NA","NA","NA","NA","Khulna University","Mahmood Hossain","Moderate heavy","mahmoodhossain@hotmail.com"
84,"Tree","NA","NA","NA","NA","NA","NA","0","0","NA","NA","NA","NA","NA",62,167,,"NA","NA",50,"NA","NA","NA","NA","NA","NA","NA","NA","NA","NA","NA","NA","NA","Water displacement method","Direct measurement of the dimension of the specimen","NA","Water displacement method","0.64",0.67,0.76,"NA","Biblio","Average","54","NA","NA","NA","NA","NA","NA","NA","NA","Khulna University","Mahmood Hossain","Heavy","mahmoodhossain@hotmail.com"
85,"Tree","NA","NA","NA","NA","NA","NA","0","0","NA","NA","NA","NA","NA",62,435,1436,"NA","NA",50,"NA","NA","NA","NA","NA","NA","NA","NA","NA","NA","NA","NA","NA","Water displacement method","Direct measurement of the dimension of the specimen","NA","Water displacement method","0.64",0.7,0.78,"NA","Biblio","Average","54","NA","NA","NA","NA","NA","NA","NA","NA","Khulna University","Mahmood Hossain","Heavy","mahmoodhossain@hotmail.com"
86,"Tree","NA","NA","NA","NA","NA","NA","0","0","NA","NA","NA","NA","NA",62,167,558,"NA","NA",50,"NA","NA","NA","NA","NA","NA","NA","NA","NA","NA","NA","NA","NA","Water displacement method","Direct measurement of the dimension of the specimen","NA","Water displacement method","0.75",0.82,0.87,"NA","Biblio","Average","54","NA","NA","NA","NA","NA","NA","NA","NA","Khulna University","Mahmood Hossain","Very heavy","mahmoodhossain@hotmail.com"
87,"Tree","NA","NA","NA","NA","NA","NA","0","0","NA","NA","NA","NA","NA",39,172,578,"NA","NA",49,"NA","NA","NA","NA","NA","NA","NA","NA","NA","NA","NA","NA","NA","NA","Direct measurement of the dimension of the specimen","NA","Water displacement method","NA",0.4,0.43,"NA","Biblio","Average","NA","NA","NA","NA","NA","NA","NA","NA","NA","Khulna University","Mahmood Hossain","Light wood","mahmoodhossain@hotmail.com"
88,"Tree","NA","NA","NA","NA","NA","NA","0","0","NA","NA","NA","NA","NA",82,439,1448,"NA","NA",49,"NA","NA","NA","NA","NA","NA","NA","NA","NA","NA","NA","NA","NA","NA","Direct measurement of the dimension of the specimen","NA","Water displacement method","NA",0.64,0.7,"NA","Biblio","Average","NA","NA","NA","NA","NA","NA","NA","NA","NA","Khulna University","Mahmood Hossain","Moderately heavy wood","mahmoodhossain@hotmail.com"
89,"Tree","NA","NA","NA","NA","NA","NA","0","0","NA","NA","NA","NA","NA",58,175,587,"NA","NA",49,"NA","NA","NA","NA","NA","NA","NA","NA","NA","NA","NA","NA","NA","NA","Direct measurement of the dimension of the specimen","NA","Water displacement method","NA",0.39,0.42,"NA","Biblio","Average","NA","NA","NA","NA","NA","NA","NA","NA","NA","Khulna University","Mahmood Hossain","Light wood","mahmoodhossain@hotmail.com"
91,"Tree","NA","NA","NA","NA","NA","NA","0","0","NA","NA","NA","NA","NA",54,177,627,"NA","NA",49,"NA","NA","NA","NA","NA","NA","NA","NA","NA","NA","NA","NA","NA","NA","Direct measurement of the dimension of the specimen","NA","Water displacement method","NA",0.42,0.45,"NA","Biblio","Average","NA","NA","NA","NA","NA","NA","NA","NA","NA","Khulna University","Mahmood Hossain","Light wood","mahmoodhossain@hotmail.com"
92,"Tree","NA","NA","NA","NA","NA","NA","0","0","NA","NA","NA","NA","NA",84,178,631,"NA","NA",49,"NA","NA","NA","NA","NA","NA","NA","NA","NA","NA","NA","NA","NA","NA","Direct measurement of the dimension of the specimen","NA","Water displacement method","NA",0.68,0.75,"NA","Biblio","Average","NA","NA","NA","NA","NA","NA","NA","NA","NA","Khulna University","Mahmood Hossain","Heavy wood","mahmoodhossain@hotmail.com"
93,"Tree","NA","NA","NA","NA","NA","NA","0","0","NA","NA","NA","NA","NA",25,181,641,"NA","NA",50,"NA","NA","NA","NA","NA","NA","NA","NA","NA","NA","NA","NA","NA","Water displacement method","Direct measurement of the dimension of the specimen","NA","Water displacement method","0.5",0.52,0.56,"NA","Biblio","Average","54","NA","NA","NA","NA","NA","NA","NA","NA","Khulna University","Mahmood Hossain","Moderate heavy","mahmoodhossain@hotmail.com"
94,"Tree","NA","NA","NA","NA","NA","NA","0","0","NA","NA","NA","NA","NA",81,182,651,"NA","NA",49,"NA","NA","NA","NA","NA","NA","NA","NA","NA","NA","NA","NA","NA","NA","Direct measurement of the dimension of the specimen","NA","Water displacement method","NA",0.67,0.73,"NA","Biblio","Average","NA","NA","NA","NA","NA","NA","NA","NA","NA","Khulna University","Mahmood Hossain","Heavy wood","mahmoodhossain@hotmail.com"
95,"Tree","NA","NA","NA","NA","NA","NA","0","0","NA","NA","NA","NA","NA",19,184,658,"NA","NA",49,"NA","NA","NA","NA","NA","NA","NA","NA","NA","NA","NA","NA","NA","NA","Direct measurement of the dimension of the specimen","NA","Water displacement method","NA",0.65,0.69,"NA","Biblio","Average","NA","NA","NA","NA","NA","NA","NA","NA","NA","Khulna University","Mahmood Hossain","Moderately heavy wood","mahmoodhossain@hotmail.com"
96,"Tree","NA","NA","NA","NA","NA","NA","0","0","NA","NA","NA","NA","NA",106,187,672,"NA","NA",49,"NA","NA","NA","NA","NA","NA","NA","NA","NA","NA","NA","NA","NA","NA","Direct measurement of the dimension of the specimen","NA","Water displacement method","NA",0.66,0.72,"NA","Biblio","Average","NA","NA","NA","NA","NA","NA","NA","NA","NA","Khulna University","Mahmood Hossain","Heavy wood","mahmoodhossain@hotmail.com"
97,"Tree","NA","NA","NA","NA","NA","NA","0","0","NA","NA","NA","NA","NA",45,190,685,"NA","NA",49,"NA","NA","NA","NA","NA","NA","NA","NA","NA","NA","NA","NA","NA","NA","Direct measurement of the dimension of the specimen","NA","Water displacement method","NA",0.46,0.5,"NA","Biblio","Average","NA","NA","NA","NA","NA","NA","NA","NA","NA","Khulna University","Mahmood Hossain","Light wood","mahmoodhossain@hotmail.com"
98,"Tree","NA","NA","NA","NA","NA","NA","0","0","NA","NA","NA","NA","NA",45,190,685,"NA","NA",50,"NA","NA","NA","NA","NA","NA","NA","NA","NA","NA","NA","NA","NA","Water displacement method","Direct measurement of the dimension of the specimen","NA","Water displacement method","0.41",0.42,0.44,"NA","Biblio","Average","54","NA","NA","NA","NA","NA","NA","NA","NA","Khulna University","Mahmood Hossain","light","mahmoodhossain@hotmail.com"
99,"Tree","NA","NA","NA","NA","NA","NA","0","0","NA","NA","NA","NA","NA",15,174,583,"NA","NA",49,"NA","NA","NA","NA","NA","NA","NA","NA","NA","NA","NA","NA","NA","NA","Direct measurement of the dimension of the specimen","NA","Water displacement method","NA",0.73,0.79,"NA","Biblio","Average","NA","NA","NA","NA","NA","NA","NA","NA","NA","Khulna University","Mahmood Hossain","Heavy wood","mahmoodhossain@hotmail.com"
100,"Tree","NA","NA","NA","NA","NA","NA","0","0","NA","NA","NA","NA","NA",91,205,,"NA","NA",49,"NA","NA","NA","NA","NA","NA","NA","NA","NA","NA","NA","NA","NA","NA","Direct measurement of the dimension of the specimen","NA","Water displacement method","NA",0.96,1.1,"NA","Biblio","Average","NA","NA","NA","NA","NA","NA","NA","NA","NA","Khulna University","Mahmood Hossain","Very heavy wood","mahmoodhossain@hotmail.com"
101,"Tree","NA","NA","NA","NA","NA","NA","0","0","NA","NA","NA","NA","NA",91,205,,"NA","NA",50,"NA","NA","NA","NA","NA","NA","NA","NA","NA","NA","NA","NA","NA","Water displacement method","Direct measurement of the dimension of the specimen","NA","Water displacement method","0.81",0.94,1.01,"NA","Biblio","Average","54","NA","NA","NA","NA","NA","NA","NA","NA","Khulna University","Mahmood Hossain","Very heavy","mahmoodhossain@hotmail.com"
102,"Tree","NA","NA","NA","NA","NA","NA","0","0","NA","NA","NA","NA","NA",39,207,736,"NA","NA",50,"NA","NA","NA","NA","NA","NA","NA","NA","NA","NA","NA","NA","NA","Water displacement method","Direct measurement of the dimension of the specimen","NA","Water displacement method","0.51",0.54,0.56,"NA","Biblio","Average","54","NA","NA","NA","NA","NA","NA","NA","NA","Khulna University","Mahmood Hossain","Moderate heavy","mahmoodhossain@hotmail.com"
103,"Tree","NA","NA","NA","NA","NA","NA","0","0","NA","NA","NA","NA","NA",54,209,741,"NA","NA",49,"NA","NA","NA","NA","NA","NA","NA","NA","NA","NA","NA","NA","NA","NA","Direct measurement of the dimension of the specimen","NA","Water displacement method","NA",0.58,0.64,"NA","Biblio","Average","NA","NA","NA","NA","NA","NA","NA","NA","NA","Khulna University","Mahmood Hossain","Moderately heavy wood","mahmoodhossain@hotmail.com"
104,"Tree","NA","NA","NA","NA","NA","NA","0","0","NA","NA","NA","NA","NA",8,437,1446,"NA","NA",49,"NA","NA","NA","NA","NA","NA","NA","NA","NA","NA","NA","NA","NA","NA","Direct measurement of the dimension of the specimen","NA","Water displacement method","NA",0.45,0.48,"NA","Biblio","Average","NA","NA","NA","NA","NA","NA","NA","NA","NA","Khulna University","Mahmood Hossain","Light wood","mahmoodhossain@hotmail.com"
105,"Tree","NA","NA","NA","NA","NA","NA","0","0","NA","NA","NA","NA","NA",4,212,749,"NA","NA",49,"NA","NA","NA","NA","NA","NA","NA","NA","NA","NA","NA","NA","NA","NA","Direct measurement of the dimension of the specimen","NA","Water displacement method","NA",0.35,0.37,"NA","Biblio","Average","NA","NA","NA","NA","NA","NA","NA","NA","NA","Khulna University","Mahmood Hossain","Light wood","mahmoodhossain@hotmail.com"
106,"Tree","NA","NA","NA","NA","NA","NA","0","0","NA","NA","NA","NA","NA",4,212,749,"NA","NA",50,"NA","NA","NA","NA","NA","NA","NA","NA","NA","NA","NA","NA","NA","Water displacement method","Direct measurement of the dimension of the specimen","NA","Water displacement method","0.37",0.38,0.4,"NA","Biblio","Average","54","NA","NA","NA","NA","NA","NA","NA","NA","Khulna University","Mahmood Hossain","light","mahmoodhossain@hotmail.com"
107,"Tree","NA","NA","NA","NA","NA","NA","0","0","NA","NA","NA","NA","NA",84,214,1440,"NA","NA",50,"NA","NA","NA","NA","NA","NA","NA","NA","NA","NA","NA","NA","NA","Water displacement method","Direct measurement of the dimension of the specimen","NA","Water displacement method","0.8",0.86,0.93,"NA","Biblio","Average","54","NA","NA","NA","NA","NA","NA","NA","NA","Khulna University","Mahmood Hossain","Very heavy","mahmoodhossain@hotmail.com"
108,"Tree","NA","NA","NA","NA","NA","NA","0","0","NA","NA","NA","NA","NA",35,216,759,"NA","NA",49,"NA","NA","NA","NA","NA","NA","NA","NA","NA","NA","NA","NA","NA","NA","Direct measurement of the dimension of the specimen","NA","Water displacement method","NA",0.61,0.64,"NA","Biblio","Average","NA","NA","NA","NA","NA","NA","NA","NA","NA","Khulna University","Mahmood Hossain","Moderately heavy wood","mahmoodhossain@hotmail.com"
109,"Tree","NA","NA","NA","NA","NA","NA","0","0","NA","NA","NA","NA","NA",35,216,759,"NA","NA",50,"NA","NA","NA","NA","NA","NA","NA","NA","NA","NA","NA","NA","NA","Water displacement method","Direct measurement of the dimension of the specimen","NA","Water displacement method","0.59",0.62,0.64,"NA","Biblio","Average","54","NA","NA","NA","NA","NA","NA","NA","NA","Khulna University","Mahmood Hossain","Moderate heavy","mahmoodhossain@hotmail.com"
110,"Tree","NA","NA","NA","NA","NA","NA","0","0","NA","NA","NA","NA","NA",104,218,763,"NA","NA",49,"NA","NA","NA","NA","NA","NA","NA","NA","NA","NA","NA","NA","NA","NA","Direct measurement of the dimension of the specimen","NA","Water displacement method","NA",0.61,0.65,"NA","Biblio","Average","NA","NA","NA","NA","NA","NA","NA","NA","NA","Khulna University","Mahmood Hossain","Moderately heavy wood","mahmoodhossain@hotmail.com"
111,"Tree","NA","NA","NA","NA","NA","NA","0","0","NA","NA","NA","NA","NA",81,219,767,"NA","NA",50,"NA","NA","NA","NA","NA","NA","NA","NA","NA","NA","NA","NA","NA","Water displacement method","Direct measurement of the dimension of the specimen","NA","Water displacement method","0.4",0.41,0.42,"NA","Biblio","Average","54","NA","NA","NA","NA","NA","NA","NA","NA","Khulna University","Mahmood Hossain","light","mahmoodhossain@hotmail.com"
112,"Tree","NA","NA","NA","NA","NA","NA","0","0","NA","NA","NA","NA","NA",51,233,808,"NA","NA",49,"NA","NA","NA","NA","NA","NA","NA","NA","NA","NA","NA","NA","NA","NA","Direct measurement of the dimension of the specimen","NA","Water displacement method","NA",0.67,0.73,"NA","Biblio","Average","NA","NA","NA","NA","NA","NA","NA","NA","NA","Khulna University","Mahmood Hossain","Heavy wood","mahmoodhossain@hotmail.com"
113,"Tree","NA","NA","NA","NA","NA","NA","0","0","NA","NA","NA","NA","NA",51,233,810,"NA","NA",50,"NA","NA","NA","NA","NA","NA","NA","NA","NA","NA","NA","NA","NA","Water displacement method","Direct measurement of the dimension of the specimen","NA","Water displacement method","0.51",0.57,0.61,"NA","Biblio","Average","54","NA","NA","NA","NA","NA","NA","NA","NA","Khulna University","Mahmood Hossain","Moderate heavy","mahmoodhossain@hotmail.com"
114,"Tree","NA","NA","NA","NA","NA","NA","0","0","NA","NA","NA","NA","NA",51,233,810,"NA","NA",49,"NA","NA","NA","NA","NA","NA","NA","NA","NA","NA","NA","NA","NA","NA","Direct measurement of the dimension of the specimen","NA","Water displacement method","NA",0.64,9.68,"NA","Biblio","Average","NA","NA","NA","NA","NA","NA","NA","NA","NA","Khulna University","Mahmood Hossain","Moderately heavy wood","mahmoodhossain@hotmail.com"
115,"Tree","NA","NA","NA","NA","NA","NA","0","0","NA","NA","NA","NA","NA",4,234,813,"NA","NA",50,"NA","NA","NA","NA","NA","NA","NA","NA","NA","NA","NA","NA","NA","Water displacement method","Direct measurement of the dimension of the specimen","NA","Water displacement method","0.58",0.62,0.65,"NA","Biblio","Average","54","NA","NA","NA","NA","NA","NA","NA","NA","Khulna University","Mahmood Hossain","Moderate heavy","mahmoodhossain@hotmail.com"
116,"Tree","NA","NA","NA","NA","NA","NA","0","0","NA","NA","NA","NA","NA",4,234,813,"NA","NA",49,"NA","NA","NA","NA","NA","NA","NA","NA","NA","NA","NA","NA","NA","NA","Direct measurement of the dimension of the specimen","NA","Water displacement method","NA",0.63,0.67,"NA","Biblio","Average","NA","NA","NA","NA","NA","NA","NA","NA","NA","Khulna University","Mahmood Hossain","Moderately heavy wood","mahmoodhossain@hotmail.com"
117,"Tree","NA","NA","NA","NA","NA","NA","0","0","NA","NA","NA","NA","NA",46,246,1441,"NA","NA",49,"NA","NA","NA","NA","NA","NA","NA","NA","NA","NA","NA","NA","NA","NA","Direct measurement of the dimension of the specimen","NA","Water displacement method","NA",0.42,0.44,"NA","Biblio","Average","NA","NA","NA","NA","NA","NA","NA","NA","NA","Khulna University","Mahmood Hossain","Light wood","mahmoodhossain@hotmail.com"
118,"Tree","NA","NA","NA","NA","NA","NA","0","0","NA","NA","NA","NA","NA",24,248,1442,"NA","NA",49,"NA","NA","NA","NA","NA","NA","NA","NA","NA","NA","NA","NA","NA","NA","Direct measurement of the dimension of the specimen","NA","Water displacement method","NA",0.49,0.53,"NA","Biblio","Average","NA","NA","NA","NA","NA","NA","NA","NA","NA","Khulna University","Mahmood Hossain","Light wood","mahmoodhossain@hotmail.com"
119,"Tree","NA","NA","NA","NA","NA","NA","0","0","NA","NA","NA","NA","NA",24,248,1442,"NA","NA",50,"NA","NA","NA","NA","NA","NA","NA","NA","NA","NA","NA","NA","NA","Water displacement method","Direct measurement of the dimension of the specimen","NA","Water displacement method","0.38",0.39,0.42,"NA","Biblio","Average","54","NA","NA","NA","NA","NA","NA","NA","NA","Khulna University","Mahmood Hossain","light","mahmoodhossain@hotmail.com"
120,"Tree","NA","NA","NA","NA","NA","NA","0","0","NA","NA","NA","NA","NA",4,261,906,"NA","NA",49,"NA","NA","NA","NA","NA","NA","NA","NA","NA","NA","NA","NA","NA","NA","Direct measurement of the dimension of the specimen","NA","Water displacement method","NA",0.48,0.53,"NA","Biblio","Average","NA","NA","NA","NA","NA","NA","NA","NA","NA","Khulna University","Mahmood Hossain","Light wood","mahmoodhossain@hotmail.com"
121,"Tree","NA","NA","NA","NA","NA","NA","0","0","NA","NA","NA","NA","NA",4,261,909,"NA","NA",49,"NA","NA","NA","NA","NA","NA","NA","NA","NA","NA","NA","NA","NA","NA","Direct measurement of the dimension of the specimen","NA","Water displacement method","NA",0.51,0.54,"NA","Biblio","Average","NA","NA","NA","NA","NA","NA","NA","NA","NA","Khulna University","Mahmood Hossain","Moderately heavy wood","mahmoodhossain@hotmail.com"
122,"Tree","NA","NA","NA","NA","NA","NA","0","0","NA","NA","NA","NA","NA",4,261,906,"NA","NA",50,"NA","NA","NA","NA","NA","NA","NA","NA","NA","NA","NA","NA","NA","Water displacement method","Direct measurement of the dimension of the specimen","NA","Water displacement method","0.52",0.53,0.54,"NA","Biblio","Average","54","NA","NA","NA","NA","NA","NA","NA","NA","Khulna University","Mahmood Hossain","Moderate heavy","mahmoodhossain@hotmail.com"
123,"Tree","NA","NA","NA","NA","NA","NA","0","0","NA","NA","NA","NA","NA",4,261,909,"NA","NA",50,"NA","NA","NA","NA","NA","NA","NA","NA","NA","NA","NA","NA","NA","Water displacement method","Direct measurement of the dimension of the specimen","NA","Water displacement method","0.49",0.5,0.54,"NA","Biblio","Average","54","NA","NA","NA","NA","NA","NA","NA","NA","Khulna University","Mahmood Hossain","Moderate heavy","mahmoodhossain@hotmail.com"
124,"Tree","NA","NA","NA","NA","NA","NA","0","0","NA","NA","NA","NA","NA",56,268,923,"NA","NA",50,"NA","NA","NA","NA","NA","NA","NA","NA","NA","NA","NA","NA","NA","Water displacement method","Direct measurement of the dimension of the specimen","NA","Water displacement method","0.4",0.43,0.46,"NA","Biblio","Average","54","NA","NA","NA","NA","NA","NA","NA","NA","Khulna University","Mahmood Hossain","light","mahmoodhossain@hotmail.com"
125,"Tree","NA","NA","NA","NA","NA","NA","0","0","NA","NA","NA","NA","NA",105,274,942,"NA","NA",49,"NA","NA","NA","NA","NA","NA","NA","NA","NA","NA","NA","NA","NA","NA","Direct measurement of the dimension of the specimen","NA","Water displacement method","NA",0.9,0.94,"NA","Biblio","Average","NA","NA","NA","NA","NA","NA","NA","NA","NA","Khulna University","Mahmood Hossain","Very heavy wood","mahmoodhossain@hotmail.com"
126,"Tree","NA","NA","NA","NA","NA","NA","0","0","NA","NA","NA","NA","NA",105,274,942,"NA","NA",50,"NA","NA","NA","NA","NA","NA","NA","NA","NA","NA","NA","NA","NA","Water displacement method","Direct measurement of the dimension of the specimen","NA","Water displacement method","0.84",0.91,1.03,"NA","Biblio","Average","54","NA","NA","NA","NA","NA","NA","NA","NA","Khulna University","Mahmood Hossain","Very heavy","mahmoodhossain@hotmail.com"
127,"Tree","NA","NA","NA","NA","NA","NA","0","0","NA","NA","NA","NA","NA",52,256,1428,"NA","NA",49,"NA","NA","NA","NA","NA","NA","NA","NA","NA","NA","NA","NA","NA","NA","Direct measurement of the dimension of the specimen","NA","Water displacement method","NA",0.61,0.67,"NA","Biblio","Average","NA","NA","NA","NA","NA","NA","NA","NA","NA","Khulna University","Mahmood Hossain","Moderately heavy wood","mahmoodhossain@hotmail.com"
128,"Tree","NA","NA","NA","NA","NA","NA","0","0","NA","NA","NA","NA","NA",52,256,1428,"NA","NA",50,"NA","NA","NA","NA","NA","NA","NA","NA","NA","NA","NA","NA","NA","Water displacement method","Direct measurement of the dimension of the specimen","NA","Water displacement method","0.53",0.56,0.59,"NA","Biblio","Average","54","NA","NA","NA","NA","NA","NA","NA","NA","Khulna University","Mahmood Hossain","Moderate heavy","mahmoodhossain@hotmail.com"
129,"Tree","NA","NA","NA","NA","NA","NA","0","0","NA","NA","NA","NA","NA",54,436,1444,"NA","NA",49,"NA","NA","NA","NA","NA","NA","NA","NA","NA","NA","NA","NA","NA","NA","Direct measurement of the dimension of the specimen","NA","Water displacement method","NA",0.5,0.52,"NA","Biblio","Average","NA","NA","NA","NA","NA","NA","NA","NA","NA","Khulna University","Mahmood Hossain","Light wood","mahmoodhossain@hotmail.com"
130,"Tree","NA","NA","NA","NA","NA","NA","0","0","NA","NA","NA","NA","NA",7,280,965,"NA","NA",49,"NA","NA","NA","NA","NA","NA","NA","NA","NA","NA","NA","NA","NA","NA","Direct measurement of the dimension of the specimen","NA","Water displacement method","NA",0.69,0.75,"NA","Biblio","Average","NA","NA","NA","NA","NA","NA","NA","NA","NA","Khulna University","Mahmood Hossain","Heavy wood","mahmoodhossain@hotmail.com"
131,"Tree","NA","NA","NA","NA","NA","NA","0","0","NA","NA","NA","NA","NA",81,285,977,"NA","NA",49,"NA","NA","NA","NA","NA","NA","NA","NA","NA","NA","NA","NA","NA","NA","Direct measurement of the dimension of the specimen","NA","Water displacement method","NA",0.6,0.65,"NA","Biblio","Average","NA","NA","NA","NA","NA","NA","NA","NA","NA","Khulna University","Mahmood Hossain","Moderately heavy wood","mahmoodhossain@hotmail.com"
132,"Tree","NA","NA","NA","NA","NA","NA","0","0","NA","NA","NA","NA","NA",81,285,978,"NA","NA",50,"NA","NA","NA","NA","NA","NA","NA","NA","NA","NA","NA","NA","NA","Water displacement method","Direct measurement of the dimension of the specimen","NA","Water displacement method","0.58",0.65,0.68,"NA","Biblio","Average","54","NA","NA","NA","NA","NA","NA","NA","NA","Khulna University","Mahmood Hossain","Moderate heavy","mahmoodhossain@hotmail.com"
133,"Tree","NA","NA","NA","NA","NA","NA","0","0","NA","NA","NA","NA","NA",108,230,1432,"NA","NA",50,"NA","NA","NA","NA","NA","NA","NA","NA","NA","NA","NA","NA","NA","Water displacement method","Direct measurement of the dimension of the specimen","NA","Water displacement method","0.36",0.38,0.39,"NA","Biblio","Average","54","NA","NA","NA","NA","NA","NA","NA","NA","Khulna University","Mahmood Hossain","light","mahmoodhossain@hotmail.com"
134,"Tree","NA","NA","NA","NA","NA","NA","0","0","NA","NA","NA","NA","NA",81,297,1011,"NA","NA",49,"NA","NA","NA","NA","NA","NA","NA","NA","NA","NA","NA","NA","NA","NA","Direct measurement of the dimension of the specimen","NA","Water displacement method","NA",0.74,0.82,"NA","Biblio","Average","NA","NA","NA","NA","NA","NA","NA","NA","NA","Khulna University","Mahmood Hossain","Heavy wood","mahmoodhossain@hotmail.com"
135,"Tree","NA","NA","NA","NA","NA","NA","0","0","NA","NA","NA","NA","NA",15,311,1039,"NA","NA",50,"NA","NA","NA","NA","NA","NA","NA","NA","NA","NA","NA","NA","NA","Water displacement method","Direct measurement of the dimension of the specimen","NA","Water displacement method","0.39",0.4,0.42,"NA","Biblio","Average","54","NA","NA","NA","NA","NA","NA","NA","NA","Khulna University","Mahmood Hossain","light","mahmoodhossain@hotmail.com"
136,"Tree","NA","NA","NA","NA","NA","NA","0","0","NA","NA","NA","NA","NA",87,312,1041,"NA","NA",49,"NA","NA","NA","NA","NA","NA","NA","NA","NA","NA","NA","NA","NA","NA","Direct measurement of the dimension of the specimen","NA","Water displacement method","NA",0.54,0.59,"NA","Biblio","Average","NA","NA","NA","NA","NA","NA","NA","NA","NA","Khulna University","Mahmood Hossain","Moderately heavy wood","mahmoodhossain@hotmail.com"
137,"Tree","NA","NA","NA","NA","NA","NA","0","0","NA","NA","NA","NA","NA",87,312,1041,"NA","NA",50,"NA","NA","NA","NA","NA","NA","NA","NA","NA","NA","NA","NA","NA","Water displacement method","Direct measurement of the dimension of the specimen","NA","Water displacement method","0.56",0.57,0.6,"NA","Biblio","Average","54","NA","NA","NA","NA","NA","NA","NA","NA","Khulna University","Mahmood Hossain","Moderate heavy","mahmoodhossain@hotmail.com"
138,"Tree","NA","NA","NA","NA","NA","NA","0","0","NA","NA","NA","NA","NA",74,333,1103,"NA","NA",49,"NA","NA","NA","NA","NA","NA","NA","NA","NA","NA","NA","NA","NA","NA","Direct measurement of the dimension of the specimen","NA","Water displacement method","NA",0.5,0.54,"NA","Biblio","Average","NA","NA","NA","NA","NA","NA","NA","NA","NA","Khulna University","Mahmood Hossain","Light wood","mahmoodhossain@hotmail.com"
139,"Tree","NA","NA","NA","NA","NA","NA","0","0","NA","NA","NA","NA","NA",74,333,1103,"NA","NA",50,"NA","NA","NA","NA","NA","NA","NA","NA","NA","NA","NA","NA","NA","Water displacement method","Direct measurement of the dimension of the specimen","NA","Water displacement method","0.43",0.44,0.52,"NA","Biblio","Average","54","NA","NA","NA","NA","NA","NA","NA","NA","Khulna University","Mahmood Hossain","light","mahmoodhossain@hotmail.com"
140,"Tree","NA","NA","NA","NA","NA","NA","0","0","NA","NA","NA","NA","NA",49,335,1112,"NA","NA",50,"NA","NA","NA","NA","NA","NA","NA","NA","NA","NA","NA","NA","NA","Water displacement method","Direct measurement of the dimension of the specimen","NA","Water displacement method","0.54",0.59,0.62,"NA","Biblio","Average","54","NA","NA","NA","NA","NA","NA","NA","NA","Khulna University","Mahmood Hossain","Moderate heavy","mahmoodhossain@hotmail.com"
141,"Tree","NA","NA","NA","NA","NA","NA","0","0","NA","NA","NA","NA","NA",19,339,1127,"NA","NA",50,"NA","NA","NA","NA","NA","NA","NA","NA","NA","NA","NA","NA","NA","Water displacement method","Direct measurement of the dimension of the specimen","NA","Water displacement method","0.75",0.84,0.88,"NA","Biblio","Average","54","NA","NA","NA","NA","NA","NA","NA","NA","Khulna University","Mahmood Hossain","Very heavy","mahmoodhossain@hotmail.com"
142,"Tree","NA","NA","NA","NA","NA","NA","0","0","NA","NA","NA","NA","NA",54,344,1140,"NA","NA",49,"NA","NA","NA","NA","NA","NA","NA","NA","NA","NA","NA","NA","NA","NA","Direct measurement of the dimension of the specimen","NA","Water displacement method","NA",0.51,0.56,"NA","Biblio","Average","NA","NA","NA","NA","NA","NA","NA","NA","NA","Khulna University","Mahmood Hossain","Moderately heavy wood","mahmoodhossain@hotmail.com"
143,"Tree","NA","NA","NA","NA","NA","NA","0","0","NA","NA","NA","NA","NA",54,344,1140,"NA","NA",50,"NA","NA","NA","NA","NA","NA","NA","NA","NA","NA","NA","NA","NA","Water displacement method","Direct measurement of the dimension of the specimen","NA","Water displacement method","0.56",0.58,0.62,"NA","Biblio","Average","54","NA","NA","NA","NA","NA","NA","NA","NA","Khulna University","Mahmood Hossain","Moderate heavy","mahmoodhossain@hotmail.com"
144,"Tree","NA","NA","NA","NA","NA","NA","0","0","NA","NA","NA","NA","NA",54,345,1144,"NA","NA",49,"NA","NA","NA","NA","NA","NA","NA","NA","NA","NA","NA","NA","NA","NA","Direct measurement of the dimension of the specimen","NA","Water displacement method","NA",0.45,0.5,"NA","Biblio","Average","NA","NA","NA","NA","NA","NA","NA","NA","NA","Khulna University","Mahmood Hossain","Light wood","mahmoodhossain@hotmail.com"
145,"Tree","NA","NA","NA","NA","NA","NA","0","0","NA","NA","NA","NA","NA",54,345,1144,"NA","NA",50,"NA","NA","NA","NA","NA","NA","NA","NA","NA","NA","NA","NA","NA","Water displacement method","Direct measurement of the dimension of the specimen","NA","Water displacement method","0.57",0.63,0.66,"NA","Biblio","Average","54","NA","NA","NA","NA","NA","NA","NA","NA","Khulna University","Mahmood Hossain","Moderate heavy","mahmoodhossain@hotmail.com"
146,"Tree","NA","NA","NA","NA","NA","NA","0","0","NA","NA","NA","NA","NA",41,245,846,"NA","NA",49,"NA","NA","NA","NA","NA","NA","NA","NA","NA","NA","NA","NA","NA","NA","Direct measurement of the dimension of the specimen","NA","Water displacement method","NA",0.59,0.64,"NA","Biblio","Average","NA","NA","NA","NA","NA","NA","NA","NA","NA","Khulna University","Mahmood Hossain","Moderately heavy wood","mahmoodhossain@hotmail.com"
147,"Tree","NA","NA","NA","NA","NA","NA","0","0","NA","NA","NA","NA","NA",41,349,1445,"NA","NA",49,"NA","NA","NA","NA","NA","NA","NA","NA","NA","NA","NA","NA","NA","NA","Direct measurement of the dimension of the specimen","NA","Water displacement method","NA",0.66,0.73,"NA","Biblio","Average","NA","NA","NA","NA","NA","NA","NA","NA","NA","Khulna University","Mahmood Hossain","Heavy wood","mahmoodhossain@hotmail.com"
148,"Tree","NA","NA","NA","NA","NA","NA","0","0","NA","NA","NA","NA","NA",41,90,296,"NA","NA",49,"NA","NA","NA","NA","NA","NA","NA","NA","NA","NA","NA","NA","NA","NA","Direct measurement of the dimension of the specimen","NA","Water displacement method","NA",0.8,0.84,"NA","Biblio","Average","NA","NA","NA","NA","NA","NA","NA","NA","NA","Khulna University","Mahmood Hossain","Very heavy wood","mahmoodhossain@hotmail.com"
150,"Tree","NA","NA","NA","NA","NA","NA","0","0","NA","NA","NA","NA","NA",54,60,194,"NA","NA",49,"NA","NA","NA","NA","NA","NA","NA","NA","NA","NA","NA","NA","NA","NA","Direct measurement of the dimension of the specimen","NA","Water displacement method","NA",0.37,0.41,"NA","Biblio","Average","NA","NA","NA","NA","NA","NA","NA","NA","NA","Khulna University","Mahmood Hossain","Light wood","mahmoodhossain@hotmail.com"
151,"Tree","NA","NA","NA","NA","NA","NA","0","0","NA","NA","NA","NA","NA",54,60,195,"NA","NA",49,"NA","NA","NA","NA","NA","NA","NA","NA","NA","NA","NA","NA","NA","NA","Direct measurement of the dimension of the specimen","NA","Water displacement method","NA",0.42,0.44,"NA","Biblio","Average","NA","NA","NA","NA","NA","NA","NA","NA","NA","Khulna University","Mahmood Hossain","Light wood","mahmoodhossain@hotmail.com"
152,"Tree","NA","NA","NA","NA","NA","NA","0","0","NA","NA","NA","NA","NA",49,17,1424,"NA","NA",49,"NA","NA","NA","NA","NA","NA","NA","NA","NA","NA","NA","NA","NA","NA","Direct measurement of the dimension of the specimen","NA","Water displacement method","NA",0.39,0.41,"NA","Biblio","Average","NA","NA","NA","NA","NA","NA","NA","NA","NA","Khulna University","Mahmood Hossain","Light wood","mahmoodhossain@hotmail.com"
153,"Tree","NA","NA","NA","NA","NA","NA","0","0","NA","NA","NA","NA","NA",49,17,1424,"NA","NA",50,"NA","NA","NA","NA","NA","NA","NA","NA","NA","NA","NA","NA","NA","Water displacement method","Direct measurement of the dimension of the specimen","NA","Water displacement method","0.54",0.57,0.59,"NA","Biblio","Average","54","NA","NA","NA","NA","NA","NA","NA","NA","Khulna University","Mahmood Hossain","Moderate heavy","mahmoodhossain@hotmail.com"
154,"Tree","NA","NA","NA","NA","NA","NA","0","0","NA","NA","NA","NA","NA",39,433,1433,"NA","NA",49,"NA","NA","NA","NA","NA","NA","NA","NA","NA","NA","NA","NA","NA","NA","Direct measurement of the dimension of the specimen","NA","Water displacement method","NA",0.4,0.42,"NA","Biblio","Average","NA","NA","NA","NA","NA","NA","NA","NA","NA","Khulna University","Mahmood Hossain","Light wood","mahmoodhossain@hotmail.com"
155,"Tree","NA","NA","NA","NA","NA","NA","0","0","NA","NA","NA","NA","NA",96,369,1207,"NA","NA",49,"NA","NA","NA","NA","NA","NA","NA","NA","NA","NA","NA","NA","NA","NA","Direct measurement of the dimension of the specimen","NA","Water displacement method","NA",0.56,0.61,"NA","Biblio","Average","NA","NA","NA","NA","NA","NA","NA","NA","NA","Khulna University","Mahmood Hossain","Moderately heavy wood","mahmoodhossain@hotmail.com"
156,"Tree","NA","NA","NA","NA","NA","NA","0","0","NA","NA","NA","NA","NA",96,369,1207,"NA","NA",50,"NA","NA","NA","NA","NA","NA","NA","NA","NA","NA","NA","NA","NA","Water displacement method","Direct measurement of the dimension of the specimen","NA","Water displacement method","0.61",0.66,0.72,"NA","Biblio","Average","54","NA","NA","NA","NA","NA","NA","NA","NA","Khulna University","Mahmood Hossain","Heavy","mahmoodhossain@hotmail.com"
157,"Tree","NA","NA","NA","NA","NA","NA","0","0","NA","NA","NA","NA","NA",86,371,1210,"NA","NA",49,"NA","NA","NA","NA","NA","NA","NA","NA","NA","NA","NA","NA","NA","NA","Direct measurement of the dimension of the specimen","NA","Water displacement method","NA",0.91,0.94,"NA","Biblio","Average","NA","NA","NA","NA","NA","NA","NA","NA","NA","Khulna University","Mahmood Hossain","Very heavy wood","mahmoodhossain@hotmail.com"
158,"Tree","NA","NA","NA","NA","NA","NA","0","0","NA","NA","NA","NA","NA",35,379,1231,"NA","NA",49,"NA","NA","NA","NA","NA","NA","NA","NA","NA","NA","NA","NA","NA","NA","Direct measurement of the dimension of the specimen","NA","Water displacement method","NA",0.75,0.83,"NA","Biblio","Average","NA","NA","NA","NA","NA","NA","NA","NA","NA","Khulna University","Mahmood Hossain","Heavy wood","mahmoodhossain@hotmail.com"
159,"Tree","NA","NA","NA","NA","NA","NA","0","0","NA","NA","NA","NA","NA",35,379,1231,"NA","NA",50,"NA","NA","NA","NA","NA","NA","NA","NA","NA","NA","NA","NA","NA","Water displacement method","Direct measurement of the dimension of the specimen","NA","Water displacement method","0.73",0.78,0.82,"NA","Biblio","Average","54","NA","NA","NA","NA","NA","NA","NA","NA","Khulna University","Mahmood Hossain","Heavy","mahmoodhossain@hotmail.com"
160,"Tree","NA","NA","NA","NA","NA","NA","0","0","NA","NA","NA","NA","NA",51,384,1244,"NA","NA",49,"NA","NA","NA","NA","NA","NA","NA","NA","NA","NA","NA","NA","NA","NA","Direct measurement of the dimension of the specimen","NA","Water displacement method","NA",0.5,0.54,"NA","Biblio","Average","NA","NA","NA","NA","NA","NA","NA","NA","NA","Khulna University","Mahmood Hossain","Light wood","mahmoodhossain@hotmail.com"
161,"Tree","NA","NA","NA","NA","NA","NA","0","0","NA","NA","NA","NA","NA",51,384,1244,"NA","NA",50,"NA","NA","NA","NA","NA","NA","NA","NA","NA","NA","NA","NA","NA","Water displacement method","Direct measurement of the dimension of the specimen","NA","Water displacement method","0.51",0.54,0.56,"NA","Biblio","Average","54","NA","NA","NA","NA","NA","NA","NA","NA","Khulna University","Mahmood Hossain","Moderate heavy","mahmoodhossain@hotmail.com"
162,"Tree","NA","NA","NA","NA","NA","NA","0","0","NA","NA","NA","NA","NA",4,388,1254,"NA","NA",49,"NA","NA","NA","NA","NA","NA","NA","NA","NA","NA","NA","NA","NA","NA","Direct measurement of the dimension of the specimen","NA","Water displacement method","NA",0.25,0.29,"NA","Biblio","Average","NA","NA","NA","NA","NA","NA","NA","NA","NA","Khulna University","Mahmood Hossain","Light wood","mahmoodhossain@hotmail.com"
163,"Tree","NA","NA","NA","NA","NA","NA","0","0","NA","NA","NA","NA","NA",54,368,1204,"NA","NA",49,"NA","NA","NA","NA","NA","NA","NA","NA","NA","NA","NA","NA","NA","NA","Direct measurement of the dimension of the specimen","NA","Water displacement method","NA",0.41,0.43,"NA","Biblio","Average","NA","NA","NA","NA","NA","NA","NA","NA","NA","Khulna University","Mahmood Hossain","Light wood","mahmoodhossain@hotmail.com"
164,"Tree","NA","NA","NA","NA","NA","NA","0","0","NA","NA","NA","NA","NA",15,390,1268,"NA","NA",49,"NA","NA","NA","NA","NA","NA","NA","NA","NA","NA","NA","NA","NA","NA","Direct measurement of the dimension of the specimen","NA","Water displacement method","NA",0.66,0.72,"NA","Biblio","Average","NA","NA","NA","NA","NA","NA","NA","NA","NA","Khulna University","Mahmood Hossain","Heavy wood","mahmoodhossain@hotmail.com"
165,"Tree","NA","NA","NA","NA","NA","NA","0","0","NA","NA","NA","NA","NA",15,390,1268,"NA","NA",50,"NA","NA","NA","NA","NA","NA","NA","NA","NA","NA","NA","NA","NA","Water displacement method","Direct measurement of the dimension of the specimen","NA","Water displacement method","0.62",0.65,0.72,"NA","Biblio","Average","54","NA","NA","NA","NA","NA","NA","NA","NA","Khulna University","Mahmood Hossain","Moderate heavy","mahmoodhossain@hotmail.com"
166,"Tree","NA","NA","NA","NA","NA","NA","0","0","NA","NA","NA","NA","NA",54,389,1265,"NA","NA",50,"NA","NA","NA","NA","NA","NA","NA","NA","NA","NA","NA","NA","NA","Water displacement method","Direct measurement of the dimension of the specimen","NA","Water displacement method","0.29",0.33,0.33,"NA","Biblio","Average","54","NA","NA","NA","NA","NA","NA","NA","NA","Khulna University","Mahmood Hossain","light","mahmoodhossain@hotmail.com"
167,"Tree","NA","NA","NA","NA","NA","NA","0","0","NA","NA","NA","NA","NA",56,396,1282,"NA","NA",49,"NA","NA","NA","NA","NA","NA","NA","NA","NA","NA","NA","NA","NA","NA","Direct measurement of the dimension of the specimen","NA","Water displacement method","NA",0.45,0.5,"NA","Biblio","Average","NA","NA","NA","NA","NA","NA","NA","NA","NA","Khulna University","Mahmood Hossain","Light wood","mahmoodhossain@hotmail.com"
168,"Tree","NA","NA","NA","NA","NA","NA","0","0","NA","NA","NA","NA","NA",4,397,1285,"NA","NA",49,"NA","NA","NA","NA","NA","NA","NA","NA","NA","NA","NA","NA","NA","NA","Direct measurement of the dimension of the specimen","NA","Water displacement method","NA",0.57,0.61,"NA","Biblio","Average","NA","NA","NA","NA","NA","NA","NA","NA","NA","Khulna University","Mahmood Hossain","Moderately heavy wood","mahmoodhossain@hotmail.com"
169,"Tree","NA","NA","NA","NA","NA","NA","0","0","NA","NA","NA","NA","NA",4,397,1285,"NA","NA",50,"NA","NA","NA","NA","NA","NA","NA","NA","NA","NA","NA","NA","NA","Water displacement method","Direct measurement of the dimension of the specimen","NA","Water displacement method","0.53",0.58,0.61,"NA","Biblio","Average","54","NA","NA","NA","NA","NA","NA","NA","NA","Khulna University","Mahmood Hossain","Moderate heavy","mahmoodhossain@hotmail.com"
170,"Tree","NA","NA","NA","NA","NA","NA","0","0","NA","NA","NA","NA","NA",62,399,1427,"NA","NA",49,"NA","NA","NA","NA","NA","NA","NA","NA","NA","NA","NA","NA","NA","NA","Direct measurement of the dimension of the specimen","NA","Water displacement method","NA",0.64,0.68,"NA","Biblio","Average","NA","NA","NA","NA","NA","NA","NA","NA","NA","Khulna University","Mahmood Hossain","Moderately heavy wood","mahmoodhossain@hotmail.com"
171,"Tree","NA","NA","NA","NA","NA","NA","0","0","NA","NA","NA","NA","NA",62,399,1302,"NA","NA",49,"NA","NA","NA","NA","NA","NA","NA","NA","NA","NA","NA","NA","NA","NA","Direct measurement of the dimension of the specimen","NA","Water displacement method","NA",0.63,0.65,"NA","Biblio","Average","NA","NA","NA","NA","NA","NA","NA","NA","NA","Khulna University","Mahmood Hossain","Moderately heavy wood","mahmoodhossain@hotmail.com"
172,"Tree","NA","NA","NA","NA","NA","NA","0","0","NA","NA","NA","NA","NA",62,399,1302,"NA","NA",49,"NA","NA","NA","NA","NA","NA","NA","NA","NA","NA","NA","NA","NA","NA","Direct measurement of the dimension of the specimen","NA","Water displacement method","NA",0.56,0.6,"NA","Biblio","Average","NA","NA","NA","NA","NA","NA","NA","NA","NA","Khulna University","Mahmood Hossain","Moderately heavy wood","mahmoodhossain@hotmail.com"
173,"Tree","NA","NA","NA","NA","NA","NA","0","0","NA","NA","NA","NA","NA",62,399,1301,"NA","NA",49,"NA","NA","NA","NA","NA","NA","NA","NA","NA","NA","NA","NA","NA","NA","Direct measurement of the dimension of the specimen","NA","Water displacement method","NA",0.64,0.69,"NA","Biblio","Average","NA","NA","NA","NA","NA","NA","NA","NA","NA","Khulna University","Mahmood Hossain","Moderately heavy wood","mahmoodhossain@hotmail.com"
174,"Tree","NA","NA","NA","NA","NA","NA","0","0","NA","NA","NA","NA","NA",62,399,1307,"NA","NA",49,"NA","NA","NA","NA","NA","NA","NA","NA","NA","NA","NA","NA","NA","NA","Direct measurement of the dimension of the specimen","NA","Water displacement method","NA",0.62,0.69,"NA","Biblio","Average","NA","NA","NA","NA","NA","NA","NA","NA","NA","Khulna University","Mahmood Hossain","Moderately heavy wood","mahmoodhossain@hotmail.com"
175,"Tree","NA","NA","NA","NA","NA","NA","0","0","NA","NA","NA","NA","NA",62,399,1318,"NA","NA",49,"NA","NA","NA","NA","NA","NA","NA","NA","NA","NA","NA","NA","NA","NA","Direct measurement of the dimension of the specimen","NA","Water displacement method","NA",0.67,0.74,"NA","Biblio","Average","NA","NA","NA","NA","NA","NA","NA","NA","NA","Khulna University","Mahmood Hossain","Heavy wood","mahmoodhossain@hotmail.com"
176,"Tree","NA","NA","NA","NA","NA","NA","0","0","NA","NA","NA","NA","NA",62,399,1326,"NA","NA",49,"NA","NA","NA","NA","NA","NA","NA","NA","NA","NA","NA","NA","NA","NA","Direct measurement of the dimension of the specimen","NA","Water displacement method","NA",0.72,0.77,"NA","Biblio","Average","NA","NA","NA","NA","NA","NA","NA","NA","NA","Khulna University","Mahmood Hossain","Heavy wood","mahmoodhossain@hotmail.com"
177,"Tree","NA","NA","NA","NA","NA","NA","0","0","NA","NA","NA","NA","NA",62,399,1427,"NA","NA",50,"NA","NA","NA","NA","NA","NA","NA","NA","NA","NA","NA","NA","NA","Water displacement method","Direct measurement of the dimension of the specimen","NA","Water displacement method","0.68",0.72,0.79,"NA","Biblio","Average","54","NA","NA","NA","NA","NA","NA","NA","NA","Khulna University","Mahmood Hossain","Heavy","mahmoodhossain@hotmail.com"
179,"Tree","NA","NA","NA","NA","NA","NA","0","0","NA","NA","NA","NA","NA",49,401,1333,"NA","NA",49,"NA","NA","NA","NA","NA","NA","NA","NA","NA","NA","NA","NA","NA","NA","Direct measurement of the dimension of the specimen","NA","Water displacement method","NA",0.75,0.82,"NA","Biblio","Average","NA","NA","NA","NA","NA","NA","NA","NA","NA","Khulna University","Mahmood Hossain","Heavy wood","mahmoodhossain@hotmail.com"
180,"Tree","NA","NA","NA","NA","NA","NA","0","0","NA","NA","NA","NA","NA",49,401,1333,"NA","NA",50,"NA","NA","NA","NA","NA","NA","NA","NA","NA","NA","NA","NA","NA","Water displacement method","Direct measurement of the dimension of the specimen","NA","Water displacement method","0.69",0.76,0.79,"NA","Biblio","Average","54","NA","NA","NA","NA","NA","NA","NA","NA","Khulna University","Mahmood Hossain","Heavy","mahmoodhossain@hotmail.com"
181,"Tree","NA","NA","NA","NA","NA","NA","0","0","NA","NA","NA","NA","NA",45,405,1345,"NA","NA",49,"NA","NA","NA","NA","NA","NA","NA","NA","NA","NA","NA","NA","NA","NA","Direct measurement of the dimension of the specimen","NA","Water displacement method","NA",0.57,0.61,"NA","Biblio","Average","NA","NA","NA","NA","NA","NA","NA","NA","NA","Khulna University","Mahmood Hossain","Moderately heavy wood","mahmoodhossain@hotmail.com"
182,"Tree","NA","NA","NA","NA","NA","NA","0","0","NA","NA","NA","NA","NA",45,405,1345,"NA","NA",50,"NA","NA","NA","NA","NA","NA","NA","NA","NA","NA","NA","NA","NA","Water displacement method","Direct measurement of the dimension of the specimen","NA","Water displacement method","0.58",0.59,0.61,"NA","Biblio","Average","54","NA","NA","NA","NA","NA","NA","NA","NA","Khulna University","Mahmood Hossain","Moderate heavy","mahmoodhossain@hotmail.com"
183,"Tree","NA","NA","NA","NA","NA","NA","0","0","NA","NA","NA","NA","NA",26,406,1349,"NA","NA",49,"NA","NA","NA","NA","NA","NA","NA","NA","NA","NA","NA","NA","NA","NA","Direct measurement of the dimension of the specimen","NA","Water displacement method","NA",0.71,0.77,"NA","Biblio","Average","NA","NA","NA","NA","NA","NA","NA","NA","NA","Khulna University","Mahmood Hossain","Heavy wood","mahmoodhossain@hotmail.com"
184,"Tree","NA","NA","NA","NA","NA","NA","0","0","NA","NA","NA","NA","NA",26,406,1352,"NA","NA",49,"NA","NA","NA","NA","NA","NA","NA","NA","NA","NA","NA","NA","NA","NA","Direct measurement of the dimension of the specimen","NA","Water displacement method","NA",0.68,0.74,"NA","Biblio","Average","NA","NA","NA","NA","NA","NA","NA","NA","NA","Khulna University","Mahmood Hossain","Heavy wood","mahmoodhossain@hotmail.com"
185,"Tree","NA","NA","NA","NA","NA","NA","0","0","NA","NA","NA","NA","NA",26,406,1349,"NA","NA",50,"NA","NA","NA","NA","NA","NA","NA","NA","NA","NA","NA","NA","NA","Water displacement method","Direct measurement of the dimension of the specimen","NA","Water displacement method","0.67",0.71,0.78,"NA","Biblio","Average","54","NA","NA","NA","NA","NA","NA","NA","NA","Khulna University","Mahmood Hossain","Heavy","mahmoodhossain@hotmail.com"
186,"Tree","NA","NA","NA","NA","NA","NA","0","0","NA","NA","NA","NA","NA",26,406,1352,"NA","NA",50,"NA","NA","NA","NA","NA","NA","NA","NA","NA","NA","NA","NA","NA","Water displacement method","Direct measurement of the dimension of the specimen","NA","Water displacement method","0.64",0.74,0.78,"NA","Biblio","Average","54","NA","NA","NA","NA","NA","NA","NA","NA","Khulna University","Mahmood Hossain","Heavy","mahmoodhossain@hotmail.com"
187,"Tree","NA","NA","NA","NA","NA","NA","0","0","NA","NA","NA","NA","NA",107,409,1360,"NA","NA",49,"NA","NA","NA","NA","NA","NA","NA","NA","NA","NA","NA","NA","NA","NA","Direct measurement of the dimension of the specimen","NA","Water displacement method","NA",0.38,0.41,"NA","Biblio","Average","NA","NA","NA","NA","NA","NA","NA","NA","NA","Khulna University","Mahmood Hossain","Light wood","mahmoodhossain@hotmail.com"
188,"Tree","NA","NA","NA","NA","NA","NA","0","0","NA","NA","NA","NA","NA",107,409,1360,"NA","NA",50,"NA","NA","NA","NA","NA","NA","NA","NA","NA","NA","NA","NA","NA","Water displacement method","Direct measurement of the dimension of the specimen","NA","Water displacement method","0.31",0.33,0.36,"NA","Biblio","Average","54","NA","NA","NA","NA","NA","NA","NA","NA","Khulna University","Mahmood Hossain","light","mahmoodhossain@hotmail.com"
189,"Tree","NA","NA","NA","NA","NA","NA","0","0","NA","NA","NA","NA","NA",39,257,895,"NA","NA",49,"NA","NA","NA","NA","NA","NA","NA","NA","NA","NA","NA","NA","NA","NA","Direct measurement of the dimension of the specimen","NA","Water displacement method","NA",0.41,0.44,"NA","Biblio","Average","NA","NA","NA","NA","NA","NA","NA","NA","NA","Khulna University","Mahmood Hossain","Light wood","mahmoodhossain@hotmail.com"
190,"Tree","NA","NA","NA","NA","NA","NA","0","0","NA","NA","NA","NA","NA",39,257,895,"NA","NA",50,"NA","NA","NA","NA","NA","NA","NA","NA","NA","NA","NA","NA","NA","Water displacement method","Direct measurement of the dimension of the specimen","NA","Water displacement method","0.4",0.42,0.44,"NA","Biblio","Average","54","NA","NA","NA","NA","NA","NA","NA","NA","Khulna University","Mahmood Hossain","light","mahmoodhossain@hotmail.com"
191,"Tree","NA","NA","NA","NA","NA","NA","0","0","NA","NA","NA","NA","NA",45,424,1401,"NA","NA",49,"NA","NA","NA","NA","NA","NA","NA","NA","NA","NA","NA","NA","NA","NA","Direct measurement of the dimension of the specimen","NA","Water displacement method","NA",0.77,0.85,"NA","Biblio","Average","NA","NA","NA","NA","NA","NA","NA","NA","NA","Khulna University","Mahmood Hossain","Heavy wood","mahmoodhossain@hotmail.com"
192,"Tree","NA","NA","NA","NA","NA","NA","0","0","NA","NA","NA","NA","NA",45,424,1400,"NA","NA",49,"NA","NA","NA","NA","NA","NA","NA","NA","NA","NA","NA","NA","NA","NA","Direct measurement of the dimension of the specimen","NA","Water displacement method","NA",0.89,0.94,"NA","Biblio","Average","NA","NA","NA","NA","NA","NA","NA","NA","NA","Khulna University","Mahmood Hossain","Very heavy wood","mahmoodhossain@hotmail.com"
193,"Tree","NA","NA","NA","NA","NA","NA","0","0","NA","NA","NA","NA","NA",45,424,1400,"NA","NA",50,"NA","NA","NA","NA","NA","NA","NA","NA","NA","NA","NA","NA","NA","Water displacement method","Direct measurement of the dimension of the specimen","NA","Water displacement method","0.84",0.89,0.94,"NA","Biblio","Average","54","NA","NA","NA","NA","NA","NA","NA","NA","Khulna University","Mahmood Hossain","Very heavy","mahmoodhossain@hotmail.com"
194,"Tree","NA","NA","NA","NA","NA","NA","0","0","NA","NA","NA","NA","NA",35,422,1389,"NA","NA",49,"NA","NA","NA","NA","NA","NA","NA","NA","NA","NA","NA","NA","NA","NA","Direct measurement of the dimension of the specimen","NA","Water displacement method","NA",0.66,0.71,"NA","Biblio","Average","NA","NA","NA","NA","NA","NA","NA","NA","NA","Khulna University","Mahmood Hossain","Heavy wood","mahmoodhossain@hotmail.com"
195,"Tree","NA","NA","NA","NA","NA","NA","0","0","NA","NA","NA","NA","NA",75,438,1447,"NA","NA",49,"NA","NA","NA","NA","NA","NA","NA","NA","NA","NA","NA","NA","NA","NA","Direct measurement of the dimension of the specimen","NA","Water displacement method","NA",0.51,0.56,"NA","Biblio","Average","NA","NA","NA","NA","NA","NA","NA","NA","NA","Khulna University","Mahmood Hossain","Moderately heavy wood","mahmoodhossain@hotmail.com"
196,"Tree","NA","NA","NA","NA","NA","NA","0","0","NA","NA","NA","NA","NA",75,438,1447,"NA","NA",50,"NA","NA","NA","NA","NA","NA","NA","NA","NA","NA","NA","NA","NA","Water displacement method","Direct measurement of the dimension of the specimen","NA","Water displacement method","0.5",0.52,0.56,"NA","Biblio","Average","54","NA","NA","NA","NA","NA","NA","NA","NA","Khulna University","Mahmood Hossain","Moderate heavy","mahmoodhossain@hotmail.com"
197,"Tree","NA","NA","NA","NA","NA","NA","0","0","NA","NA","NA","NA","NA",49,428,1418,"NA","NA",49,"NA","NA","NA","NA","NA","NA","NA","NA","NA","NA","NA","NA","NA","NA","Direct measurement of the dimension of the specimen","NA","Water displacement method","NA",0.88,0.97,"NA","Biblio","Average","NA","NA","NA","NA","NA","NA","NA","NA","NA","Khulna University","Mahmood Hossain","Very heavy wood","mahmoodhossain@hotmail.com"
198,"Tree","NA","NA","NA","NA","NA","NA","0","0","NA","NA","NA","NA","NA",56,429,1429,"NA","NA",49,"NA","NA","NA","NA","NA","NA","NA","NA","NA","NA","NA","NA","NA","NA","Direct measurement of the dimension of the specimen","NA","Water displacement method","NA",0.59,0.64,"NA","Biblio","Average","NA","NA","NA","NA","NA","NA","NA","NA","NA","Khulna University","Mahmood Hossain","Moderately heavy wood","mahmoodhossain@hotmail.com"
199,"Tree","NA","NA","NA","NA","NA","NA","0","0","NA","NA","NA","NA","NA",56,429,1429,"NA","NA",50,"NA","NA","NA","NA","NA","NA","NA","NA","NA","NA","NA","NA","NA","Water displacement method","Direct measurement of the dimension of the specimen","NA","Water displacement method","0.64",0.66,0.73,"NA","Biblio","Average","54","NA","NA","NA","NA","NA","NA","NA","NA","Khulna University","Mahmood Hossain","Heavy","mahmoodhossain@hotmail.com"
200,"Tree","NA","NA","NA","NA","NA","NA","0","0","NA","NA","NA","NA","NA",49,335,1112,"NA","NA",49,"NA","NA","NA","NA","NA","NA","NA","NA","NA","NA","NA","NA","NA","NA","Direct measurement of the dimension of the specimen","NA","Water displacement method","NA",0.62,0.68,"NA","Biblio","Average","NA","NA","NA","NA","NA","NA","NA","NA","NA","Khulna University","Mahmood Hossain","Moderately heavy wood","mahmoodhossain@hotmail.com"
